Name,Model,Trim,Student,Military,First_Responder,Bonus,Loyalty,Conquest,Mobility
Jaguar,2020 Jaguar E-PACE,P250 4dr SUV AWD (2.0L 4cyl Turbo 9A),,,,,,,
Acura,2020 Acura ILX,Premium Package 4dr Sedan (2.4L 4cyl 8AM),$500 Student/College Grad for Retail or Lease - Expires 03/31/2021,$750 Military for Retail or Lease - Expires 03/31/2021,,,,,
Ford,2020 Ford Transit Crew Van,"250 Medium Roof 3dr Van w/148"" WB (3.5L 6cyl 10A)",,$500 Military for Retail or Lease - Expires 01/03/2022,$500 First Responder for Retail or Lease - Expires 01/03/2022,,"$1,000 Loyalty for Retail or Lease - Expires 03/31/2021","$2,500 Conquest for Retail or Lease - Expires 03/31/2021,$1,000 Conquest for Retail or Lease - Expires 03/31/2021",
Jaguar,2020 Jaguar F-TYPE,P300 2dr Convertible (2.0L 4cyl Turbo 8A),,,,,,,
FIAT,2020 FIAT 500X,Pop 4dr SUV AWD (1.3L 4cyl Turbo 9A),,$500 Military for Retail or Lease - Expires 01/03/2022,$500 First Responder for Retail or Lease - Expires 01/03/2022,,$500 Loyalty for Retail or Lease - Expires 03/31/2021,,
Genesis,2020 Genesis G90,5.0 Ultimate 4dr Sedan (5.0L 8cyl 8A),,,,,,,
INFINITI,2020 INFINITI Q60,3.0t LUXE 2dr Coupe (3.0L 6cyl Turbo 7A),,,,,"$1,000 Loyalty for Lease - Expires 03/31/2021,$1,000 Loyalty for Lease - Expires 03/31/2021,$2,000 Loyalty for Lease - Expires 03/31/2021",,
Honda,2022 Honda Odyssey,Elite 4dr Minivan (3.5L 6cyl 10A),,,,,,,
Dodge,2020 Dodge Grand Caravan,SE 4dr Minivan (3.6L 6cyl 6A),,$500 Military for Retail or Lease - Expires 01/03/2022,$500 First Responder for Retail or Lease - Expires 01/04/2022,"$2,000 Customer Bonus Cash for Retail or Lease - Expires 03/31/2021",$500 Loyalty for Retail or Lease - Expires 03/31/2021,,
Chrysler,2020 Chrysler 300,Touring 4dr Sedan (3.6L 6cyl 8A),,$500 Military for Retail or Lease - Expires 01/03/2022,$500 First Responder for Retail or Lease - Expires 01/04/2022,,$500 Loyalty for Retail or Lease - Expires 03/31/2021,,
Subaru,2020 Subaru Crosstrek,Premium 4dr SUV AWD (2.0L 4cyl CVT),,,,,,,
Chevrolet,2020 Chevrolet Express Cargo,2500 3dr Van (4.3L 6cyl 8A),,,,,,,
Subaru,2020 Subaru Impreza,4dr Hatchback AWD (2.0L 4cyl CVT),,,,,,,
Audi,2021 Audi Q5,Premium 4dr SUV AWD w/45 TFSI (2.0L 4cyl Turbo gas/electric hybrid 7AM),,,,,,,"$1,500 Mobility for Retail or Lease - Expires 01/03/2022"
Alfa,2020 Alfa Romeo Stelvio,Ti 4dr SUV AWD (2.0L 4cyl Turbo 8A),,,$500 First Responder for Retail or Lease - Expires 01/03/2022,"$1,500 Customer Bonus Cash for Retail or Lease - Expires 03/31/2021","$1,000 Loyalty for Retail or Lease - Expires 03/31/2021,$1,000 Loyalty for Retail or Lease - Expires 03/31/2021,$500 Loyalty for Retail or Lease - Expires 03/31/2021","$1,000 Conquest for Retail or Lease - Expires 03/31/2021",
Subaru,2020 Subaru WRX,Premium 4dr Sedan AWD (2.0L 4cyl Turbo 6M),,$500 Military for Lease - Expires 03/31/2021,,,,,
Subaru,2020 Subaru BRZ,Limited 2dr Coupe (2.0L 4cyl 6M),,$500 Military for Lease - Expires 03/31/2021,,,,,
Subaru,2020 Subaru Forester,Premium 4dr SUV AWD (2.5L 4cyl CVT),,,,,,,
Subaru,2020 Subaru Ascent,Limited 4dr SUV AWD w/7-Passenger Technology Pkg (2.4L 4cyl Turbo CVT),,,,,,,
Subaru,2020 Subaru Outback,Premium 4dr SUV AWD (2.5L 4cyl CVT),,,,,,,
Subaru,2020 Subaru Legacy,Premium 4dr Sedan AWD (2.5L 4cyl CVT),,,,,,,
Subaru,2021 Subaru Legacy,Limited XT 4dr Sedan AWD (2.4L 4cyl Turbo CVT),,$500 Military for Lease - Expires 03/31/2021,,,,,
Subaru,2021 Subaru Crosstrek,Limited 4dr SUV AWD (2.5L 4cyl CVT),,$500 Military for Lease - Expires 03/31/2021,,,,,
Subaru,2021 Subaru Forester,Limited 4dr SUV AWD (2.5L 4cyl CVT),,$500 Military for Lease - Expires 03/31/2021,,,,,
Subaru,2021 Subaru Ascent,Limited 4dr SUV AWD (2.4L 4cyl Turbo CVT),,,,,,,
Subaru,2021 Subaru Impreza,4dr Hatchback AWD (2.0L 4cyl CVT),,$500 Military for Lease - Expires 03/31/2021,,,,,
Alfa,2020 Alfa Romeo Giulia,4dr Sedan (2.0L 4cyl Turbo 8A),,,$500 First Responder for Retail or Lease - Expires 01/03/2022,$750 Customer Bonus Cash for Retail or Lease - Expires 03/31/2021,"$500 Loyalty for Retail or Lease - Expires 03/31/2021,$1,000 Loyalty for Retail or Lease - Expires 03/31/2021,$1,000 Loyalty for Retail or Lease - Expires 03/31/2021","$1,000 Conquest for Retail or Lease - Expires 03/31/2021",
Alfa,2020 Alfa Romeo 4C,Spider 2dr Coupe (1.7L 4cyl Turbo 6AM),,,,,,,
Subaru,2021 Subaru Outback,Premium 4dr SUV AWD (2.5L 4cyl CVT),,$500 Military for Lease - Expires 03/31/2021,,,,,
Alfa,2021 Alfa Romeo Giulia,Ti 4dr Sedan (2.0L 4cyl Turbo 8A),,,$500 First Responder for Retail or Lease - Expires 01/03/2022,"$1,000 Customer Bonus Cash for Retail or Lease - Expires 03/31/2021","$1,000 Loyalty for Retail or Lease - Expires 03/31/2021,$1,000 Loyalty for Retail or Lease - Expires 03/31/2021","$1,000 Conquest for Retail or Lease - Expires 03/31/2021",
Alfa,2021 Alfa Romeo Stelvio,Ti Sport 4dr SUV AWD (2.0L 4cyl Turbo 8A),,,$500 First Responder for Retail or Lease - Expires 01/03/2022,"$1,000 Customer Bonus Cash for Retail or Lease - Expires 03/31/2021","$1,000 Loyalty for Retail or Lease - Expires 03/31/2021,$1,000 Loyalty for Retail or Lease - Expires 03/31/2021","$1,000 Conquest for Retail or Lease - Expires 03/31/2021",
Audi,2020 Audi SQ7,Premium Plus 4dr SUV AWD w/TFSI (4.0L 8cyl Turbo gas/electric hybrid 8A),,,,,,,"$1,500 Mobility for Retail or Lease - Expires 01/03/2022"
Audi,2020 Audi S8,4dr Sedan AWD (4.0L 8cyl Turbo gas/electric hybrid 8A),,,,,,,"$1,500 Mobility for Retail or Lease - Expires 01/03/2022"
Audi,2020 Audi S5,Premium Plus 4dr Hatchback AWD (3.0L 6cyl Turbo 8A),,,,,,,"$1,500 Mobility for Retail or Lease - Expires 01/03/2022"
Audi,2020 Audi A5,Premium Plus 4dr Hatchback AWD w/45 TFSI (2.0L 4cyl Turbo 7AM),,,,,,,"$1,500 Mobility for Retail or Lease - Expires 01/03/2022"
Audi,2020 Audi A4 allroad,Premium Plus 4dr Wagon AWD w/2.0 TFSI (2.0L 4cyl Turbo 7AM),,,,,,,"$1,500 Mobility for Retail or Lease - Expires 01/03/2022"
Audi,2020 Audi S6,Prestige 4dr Sedan AWD (2.9L 6cyl Twincharger gas/electric hybrid 8A),,,,,,,"$1,500 Mobility for Retail or Lease - Expires 01/03/2022"
Audi,2020 Audi SQ8,Premium Plus 4dr SUV AWD w/TFSI (4.0L 8cyl Turbo gas/electric hybrid 8A),,,,,,,"$1,500 Mobility for Retail or Lease - Expires 01/03/2022"
Audi,2020 Audi TT,2dr Convertible AWD w/2.0 TFSI (2.0L 4cyl Turbo 7AM),,,,,,,
Audi,2020 Audi TT RS,2dr Coupe AWD (2.5L 5cyl Turbo 7AM),,,,,,,"$1,500 Mobility for Retail or Lease - Expires 01/03/2022"
Audi,2020 Audi S4,Premium 4dr Sedan AWD (3.0L 6cyl Turbo 8A),,,,,,,"$1,500 Mobility for Retail or Lease - Expires 01/03/2022"
Audi,2020 Audi RS 3,4dr Sedan AWD (2.5L 5cyl Turbo 7AM),,,,,,,"$1,500 Mobility for Retail or Lease - Expires 01/03/2022"
Audi,2020 Audi S7,Prestige 4dr Sedan AWD (2.9L 6cyl Twincharger gas/electric hybrid 8A),,,,,,,"$1,500 Mobility for Retail or Lease - Expires 01/03/2022"
Audi,2020 Audi Q8,Premium Plus 4dr SUV AWD w/55 TFSI (3.0L 6cyl Turbo gas/electric hybrid 8A),,,,,,,"$1,500 Mobility for Retail or Lease - Expires 01/03/2022"
Audi,2020 Audi SQ5,Premium Plus 4dr SUV AWD w/TFSI (3.0L 6cyl Turbo 8A),,,,,,,"$1,500 Mobility for Retail or Lease - Expires 01/03/2022"
Audi,2020 Audi A6,Premium Plus 4dr Sedan AWD w/45 TFSI (2.0L 4cyl Turbo gas/electric hybrid 7AM),,,,,,,"$1,500 Mobility for Retail or Lease - Expires 01/03/2022"
Audi,2020 Audi A4,Premium Plus 4dr Sedan AWD w/45 TFSI (2.0L 4cyl Turbo 7AM),,,,,,,"$1,500 Mobility for Retail or Lease - Expires 01/03/2022"
Audi,2020 Audi A8,L 4dr Sedan AWD w/60 TFSI (4.0L 8cyl Turbo gas/electric hybrid 8A),,,,,,,"$1,500 Mobility for Retail or Lease - Expires 01/03/2022"
Audi,2020 Audi Q5,Premium Plus 4dr SUV AWD w/45 TFSI (2.0L 4cyl Turbo 7AM),,,,,,,"$1,500 Mobility for Retail or Lease - Expires 01/03/2022"
Audi,2020 Audi A7,Premium Plus 4dr Sedan AWD w/55 TFSI (3.0L 6cyl Turbo gas/electric hybrid 7AM),,,,,,,"$1,500 Mobility for Retail or Lease - Expires 01/03/2022"
Audi,2020 Audi TTS,2dr Coupe AWD (2.0L 4cyl Turbo 7AM),,,,,,,"$1,500 Mobility for Retail or Lease - Expires 01/03/2022"
Audi,2020 Audi S3,Premium Plus 4dr Sedan AWD (2.0L 4cyl Turbo 7AM),,,,,,,"$1,500 Mobility for Retail or Lease - Expires 01/03/2022"
Audi,2020 Audi A3,Sport Premium 4dr Sedan (2.0L 4cyl Turbo 7AM),,,,,,,"$1,500 Mobility for Retail or Lease - Expires 01/03/2022"
Audi,2020 Audi Q3,S line Premium Plus 4dr SUV AWD w/45 TFSI (2.0L 4cyl Turbo 8A),,,,,,,"$1,500 Mobility for Retail or Lease - Expires 01/03/2022"
Audi,2020 Audi e-tron Sportback,Premium Plus 4dr SUV AWD w/55 (electric DD),,,,,,,
Audi,2020 Audi A6 allroad,Premium Plus 4dr Wagon AWD w/3.0 TFSI (3.0L 6cyl Turbo gas/electric hybrid 7AM),,,,,,,"$1,500 Mobility for Retail or Lease - Expires 01/03/2022"
Audi,2020 Audi R8,performance 2dr Coupe AWD w/V10 (5.2L 10cyl 7AM),,,,,,,"$1,500 Mobility for Retail or Lease - Expires 01/03/2022"
Audi,2020 Audi Q7,Premium Plus 4dr SUV AWD w/55 TFSI (3.0L 6cyl Turbo gas/electric hybrid 8A),,,,,,,"$1,500 Mobility for Retail or Lease - Expires 01/03/2022"
Audi,2021 Audi A8,L 4dr Sedan AWD w/55 TFSI (3.0L 6cyl Turbo gas/electric hybrid 8A),,,,,,,"$1,500 Mobility for Retail or Lease - Expires 01/03/2022"
Audi,2021 Audi RS 5,2dr Coupe AWD (2.9L 6cyl Turbo 8A),,,,,,,
Audi,2021 Audi e-tron Sportback,Prestige 4dr SUV AWD (electric DD),,,,,,,
Audi,2021 Audi S4,Premium Plus 4dr Sedan AWD (3.0L 6cyl Turbo 8A),,,,,,,"$1,500 Mobility for Retail or Lease - Expires 01/03/2022"
Audi,2021 Audi A6,Premium 4dr Sedan AWD w/55 TFSI (3.0L 6cyl Turbo gas/electric hybrid 7AM),,,,,,,"$1,500 Mobility for Retail or Lease - Expires 01/03/2022"
Audi,2021 Audi A7,Prestige 4dr Sedan AWD w/55 TFSI (3.0L 6cyl Turbo gas/electric hybrid 7AM),,,,,,,"$1,500 Mobility for Retail or Lease - Expires 01/03/2022"
Audi,2021 Audi S5,Prestige 2dr Convertible AWD (3.0L 6cyl Turbo 8A),,,,,,,"$1,500 Mobility for Retail or Lease - Expires 01/03/2022"
Audi,2021 Audi A5,Prestige S line 2dr Coupe AWD w/45 TFSI (2.0L 4cyl Turbo gas/electric hybrid 7AM),,,,,,,"$1,500 Mobility for Retail or Lease - Expires 01/03/2022"
Audi,2021 Audi e-tron,Premium 4dr SUV AWD (electric DD),,,,,,,"$1,500 Mobility for Retail or Lease - Expires 01/03/2022"
Audi,2021 Audi A4,Premium Plus 4dr Sedan AWD w/40 TFSI (2.0L 4cyl Turbo gas/electric hybrid 7AM),,,,,,,"$1,500 Mobility for Retail or Lease - Expires 01/03/2022"
Audi,2021 Audi Q3,S line Premium 4dr SUV AWD w/45 TFSI (2.0L 4cyl Turbo 8A),,,,,,,"$1,500 Mobility for Retail or Lease - Expires 01/03/2022"
Audi,2021 Audi SQ8,Prestige 4dr SUV AWD w/TFSI (4.0L 8cyl Turbo gas/electric hybrid 8A),,,,,,,"$1,500 Mobility for Retail or Lease - Expires 01/03/2022"
Audi,2021 Audi SQ5,Premium 4dr SUV AWD w/TFSI (3.0L 6cyl Turbo 8A),,,,,,,"$1,500 Mobility for Retail or Lease - Expires 01/03/2022"
Audi,2021 Audi Q7,Premium Plus 4dr SUV AWD w/45 TFSI (2.0L 4cyl Turbo 8A),,,,,,,"$1,500 Mobility for Retail or Lease - Expires 01/03/2022"
Audi,2021 Audi SQ7,Premium Plus 4dr SUV AWD w/TFSI (4.0L 8cyl Turbo gas/electric hybrid 8A),,,,,,,"$1,500 Mobility for Retail or Lease - Expires 01/03/2022"
Audi,2021 Audi RS 7,4dr Sedan AWD (4.0L 8cyl Turbo 8A),,,,,,,
Audi,2021 Audi RS 6,4dr Wagon AWD (4.0L 8cyl Turbo 8A),,,,,,,
Audi,2021 Audi Q8,Premium 4dr SUV AWD w/55 TFSI (3.0L 6cyl Turbo gas/electric hybrid 8A),,,,,,,"$1,500 Mobility for Retail or Lease - Expires 01/03/2022"
Chevrolet,2020 Chevrolet Express,LS 3500 3dr Ext Van (4.3L 6cyl 8A),,,,,,,
Chevrolet,2020 Chevrolet Camaro,1LT 2dr Coupe (2.0L 4cyl Turbo 6M),,,,,,,
Chevrolet,2020 Chevrolet Bolt EV,LT 4dr Hatchback (electric DD),,,,,"$750 Loyalty for Lease - Expires 03/31/2021,$1,500 Lease Loyalty & Lease Conquest - Expires 03/31/2021",,
Chevrolet,2020 Chevrolet Impala,LT 4dr Sedan (3.6L 6cyl 6A),,,,,,,
Chevrolet,2020 Chevrolet Suburban,LT 4dr SUV 4WD (5.3L 8cyl 6A),,,,,,,
Chevrolet,2020 Chevrolet Corvette,Stingray 2dr Coupe w/3LT (6.2L 8cyl 8AM),,,,,,,
Chevrolet,2020 Chevrolet Blazer,2LT 4dr SUV (2.0L 4cyl Turbo 9A),,,,,,,
Chevrolet,2020 Chevrolet Tahoe,LT 4dr SUV 4WD (5.3L 8cyl 6A),,,,,,,
Chevrolet,2020 Chevrolet Trax,LS 4dr SUV (1.4L 4cyl Turbo 6A),,,,,"$1,000 Lease Loyalty & Lease Conquest - Expires 03/31/2021,$750 Loyalty for Lease - Expires 03/31/2021",,
Chevrolet,2020 Chevrolet Sonic,LT 4dr Sedan (1.4L 4cyl Turbo 6A),,,,,,,
Chevrolet,2020 Chevrolet Colorado,Work Truck 4dr Crew Cab 4WD 5.1 ft. SB (3.6L 6cyl 8A),,,,,,,
Chevrolet,2020 Chevrolet Traverse,LT Cloth 4dr SUV (3.6L 6cyl 9A),,,,,,,
Chevrolet,2020 Chevrolet Equinox,LT 4dr SUV (1.5L 4cyl Turbo 6A),,,,,,,
Chevrolet,2020 Chevrolet Spark,LS 4dr Hatchback (1.4L 4cyl CVT),,,,,,,
Chevrolet,2020 Chevrolet Silverado 1500,LT Trail Boss 4dr Crew Cab 4WD 5.8 ft. SB (5.3L 8cyl 10A),,,,,,,
Chevrolet,2020 Chevrolet Silverado 3500HD,LTZ 4dr Crew Cab 4WD SB (6.6L 8cyl 6A),,,,,,,
Chevrolet,2020 Chevrolet Malibu,LS 4dr Sedan (1.5L 4cyl Turbo CVT),,,,,,,
Chevrolet,2020 Chevrolet Silverado 2500HD,LTZ 4dr Crew Cab 4WD SB (6.6L 8cyl 6A),,,,,,,
Chevrolet,2021 Chevrolet Express Cargo,2500 3dr Ext Van (4.3L 6cyl 8A),,,,,,,
Chevrolet,2021 Chevrolet Silverado 3500HD,LT 4dr Crew Cab 4WD LB DRW (6.6L 8cyl 6A),,,,,,,
Chevrolet,2021 Chevrolet Silverado 2500HD,LTZ 4dr Crew Cab 4WD SB (6.6L 8cyl 6A),,,,,,,
Chevrolet,2021 Chevrolet Silverado 1500,LT Trail Boss 4dr Crew Cab 4WD 5.8 ft. SB (5.3L 8cyl 10A),,,,,"$500 Loyalty for Lease - Expires 03/31/2021,$1,500 Lease Loyalty & Lease Conquest - Expires 03/31/2021",,
Chevrolet,2021 Chevrolet Corvette,Stingray 2dr Convertible w/3LT (6.2L 8cyl 8AM),,,,,,,
Chevrolet,2021 Chevrolet Bolt EV,LT 4dr Hatchback (electric DD),,,,,"$750 Loyalty for Lease - Expires 03/31/2021,$1,500 Lease Loyalty & Lease Conquest - Expires 03/31/2021",,
Chevrolet,2021 Chevrolet Blazer,RS 4dr SUV AWD (3.6L 6cyl 9A),,,,,"$750 Loyalty for Lease - Expires 03/31/2021,$1,500 Lease Loyalty & Lease Conquest - Expires 03/31/2021",,
Chevrolet,2021 Chevrolet Malibu,RS 4dr Sedan (1.5L 4cyl Turbo CVT),,,,,"$750 Loyalty for Lease - Expires 03/31/2021,$1,500 Lease Loyalty & Lease Conquest - Expires 03/31/2021",,
Chevrolet,2021 Chevrolet Traverse,LT Cloth 4dr SUV AWD (3.6L 6cyl 9A),,,,,"$750 Loyalty for Lease - Expires 03/31/2021,$1,500 Lease Loyalty & Lease Conquest - Expires 03/31/2021",,
Chevrolet,2021 Chevrolet Camaro,1LT 2dr Coupe (2.0L 4cyl Turbo 6M),,,,,"$750 Loyalty for Lease - Expires 03/31/2021,$1,500 Lease Loyalty & Lease Conquest - Expires 03/31/2021",,
Chevrolet,2021 Chevrolet Spark,LS 4dr Hatchback (1.4L 4cyl CVT),,,,,,,
Chevrolet,2021 Chevrolet Trax,LS 4dr SUV (1.4L 4cyl Turbo 6A),,,,,"$750 Loyalty for Lease - Expires 03/31/2021,$1,000 Lease Loyalty & Lease Conquest - Expires 03/31/2021",,
Chevrolet,2021 Chevrolet Equinox,LT 4dr SUV AWD (1.5L 4cyl Turbo 6A),,,,,"$750 Loyalty for Lease - Expires 03/31/2021,$1,000 Lease Loyalty & Lease Conquest - Expires 03/31/2021",,
Chevrolet,2021 Chevrolet Suburban,Z71 4dr SUV 4WD (5.3L 8cyl 10A),,,,,"$750 Loyalty for Lease - Expires 03/31/2021,$500 Lease Loyalty & Lease Conquest - Expires 03/31/2021",,
Chevrolet,2021 Chevrolet Tahoe,Z71 4dr SUV 4WD (5.3L 8cyl 10A),,,,,"$750 Loyalty for Lease - Expires 03/31/2021,$500 Lease Loyalty & Lease Conquest - Expires 03/31/2021",,
Chevrolet,2021 Chevrolet Colorado,Z71 4dr Crew Cab 4WD 5.1 ft. SB (3.6L 6cyl 8A),,,,,"$500 Loyalty for Lease - Expires 03/31/2021,$1,500 Lease Loyalty & Lease Conquest - Expires 03/31/2021",,
Chevrolet,2021 Chevrolet Trailblazer,L 4dr SUV (1.2L 3cyl Turbo CVT),,,,,,,
Buick,2020 Buick Encore GX,Select 4dr SUV (1.2L 3cyl Turbo CVT),,, First Responder Discount for Retail or Lease - Expires 01/03/2022,,,,
Buick,2020 Buick Regal Sportback,Essence 4dr Hatchback (2.0L 4cyl Turbo 9A),,,,,,,
Buick,2020 Buick Regal TourX,Preferred 4dr Wagon AWD (2.0L 4cyl Turbo 8A),,,,,,,
Buick,2020 Buick Encore,Preferred 4dr SUV (1.4L 4cyl Turbo 6A),,,,,,,
Buick,2020 Buick Enclave,Essence 4dr SUV (3.6L 6cyl 9A),,,,,,,
Buick,2020 Buick Envision,Essence 4dr SUV (2.5L 4cyl 6A),,, First Responder Discount for Retail or Lease - Expires 01/03/2022,,,,
Buick,2021 Buick Encore GX,Select 4dr SUV (1.2L 3cyl Turbo CVT),,, First Responder Discount for Retail or Lease - Expires 01/03/2022,,"$1,500 Loyalty for Lease - Expires 03/31/2021,$2,500 Loyalty for Lease - Expires 03/31/2021",,
Buick,2021 Buick Enclave,Essence 4dr SUV AWD (3.6L 6cyl 9A),,, First Responder Discount for Retail or Lease - Expires 01/03/2022,,"$3,500 Loyalty for Lease - Expires 03/31/2021,$2,500 Loyalty for Lease - Expires 03/31/2021",,
Buick,2021 Buick Envision,Avenir 4dr SUV AWD (2.0L 4cyl Turbo 9A),,, First Responder Discount for Retail or Lease - Expires 01/03/2022,,"$500 Loyalty for Lease - Expires 03/31/2021,$1,000 Loyalty for Lease - Expires 03/31/2021",,
Buick,2021 Buick Encore,Preferred 4dr SUV (1.4L 4cyl Turbo 6A),,, First Responder Discount for Retail or Lease - Expires 01/03/2022,,"$1,000 Loyalty for Lease - Expires 03/31/2021,$1,750 Loyalty for Lease - Expires 03/31/2021",,
Chrysler,2020 Chrysler Voyager,L 4dr Minivan (3.6L 6cyl 9A),,$500 Military for Retail or Lease - Expires 01/03/2022,$500 First Responder for Retail or Lease - Expires 01/04/2022,"$1,000 Customer Bonus Cash for Retail or Lease - Expires 03/31/2021",,,
Chrysler,2021 Chrysler Voyager,L 4dr Minivan (3.6L 6cyl 9A),,$500 Military for Retail or Lease - Expires 01/03/2022,$500 First Responder for Retail or Lease - Expires 01/04/2022,,,,
Chrysler,2021 Chrysler Pacifica,Touring 4dr Minivan (3.6L 6cyl 9A),,$500 Military for Retail or Lease - Expires 01/03/2022,$500 First Responder for Retail or Lease - Expires 01/04/2022,,"$1,250 Loyalty for Retail or Lease - Expires 03/31/2021",,
Chrysler,2020 Chrysler Pacifica,Touring L Plus 4dr Minivan (3.6L 6cyl 9A),,$500 Military for Retail or Lease - Expires 01/03/2022,$500 First Responder for Retail or Lease - Expires 01/04/2022,,"$1,750 Loyalty for Retail or Lease - Expires 03/31/2021",,
Chrysler,2021 Chrysler 300,Touring 4dr Sedan (3.6L 6cyl 8A),,$500 Military for Retail or Lease - Expires 01/03/2022,$500 First Responder for Retail or Lease - Expires 01/04/2022,,$500 Loyalty for Retail or Lease - Expires 03/31/2021,,
Dodge,2020 Dodge Journey,SE Value 4dr SUV (2.4L 4cyl 4A),,$500 Military for Retail or Lease - Expires 01/03/2022,$500 First Responder for Retail or Lease - Expires 01/04/2022,,$500 Loyalty for Retail or Lease - Expires 03/31/2021,,
Dodge,2020 Dodge Challenger,SXT 2dr Coupe (3.6L 6cyl 8A),,$500 Military for Retail or Lease - Expires 01/03/2022,$500 First Responder for Retail or Lease - Expires 01/04/2022,"$1,000 Customer Bonus Cash for Retail or Lease - Expires 03/31/2021",$500 Loyalty for Retail or Lease - Expires 03/31/2021,,
Dodge,2020 Dodge Durango,R/T 4dr SUV AWD (5.7L 8cyl 8A),,$500 Military for Retail or Lease - Expires 01/03/2022,$500 First Responder for Retail or Lease - Expires 01/04/2022,,,,
Dodge,2020 Dodge Charger,Scat Pack 4dr Sedan (6.4L 8cyl 8A),,$500 Military for Retail or Lease - Expires 01/03/2022,$500 First Responder for Retail or Lease - Expires 01/04/2022,,$500 Loyalty for Retail or Lease - Expires 03/31/2021,,
Dodge,2021 Dodge Challenger,R/T Scat Pack 2dr Coupe (6.4L 8cyl 6M),,$500 Military for Retail or Lease - Expires 01/03/2022,$500 First Responder for Retail or Lease - Expires 01/04/2022,,$500 Loyalty for Retail or Lease - Expires 03/31/2021,,
Dodge,2021 Dodge Durango,GT Plus 4dr SUV AWD (3.6L 6cyl 8A),,,,,,,
GMC,2020 GMC Savana Cargo,2500 3dr Van (4.3L 6cyl 8A),,,,,,,
GMC,2020 GMC Savana,LS 2500 3dr Van (4.3L 6cyl 8A),,,,,,,
GMC,2020 GMC Sierra 3500HD,Denali 4dr Crew Cab 4WD SB (6.6L 8cyl 6A),,,,,,,
Dodge,2021 Dodge Charger,SXT 4dr Sedan (3.6L 6cyl 8A),,$500 Military for Retail or Lease - Expires 01/03/2022,$500 First Responder for Retail or Lease - Expires 01/04/2022,"$1,500 Customer Bonus Cash for Retail or Lease - Expires 03/31/2021",$500 Loyalty for Retail or Lease - Expires 03/31/2021,,
GMC,2020 GMC Yukon,Denali 4dr SUV 4WD (6.2L 8cyl 10A),,,,,,,
GMC,2020 GMC Yukon XL,Denali 4dr SUV 4WD (6.2L 8cyl 10A),,,,,,,
GMC,2020 GMC Canyon,Denali 4dr Crew Cab 4WD SB (3.6L 6cyl 8A),,,,,,,
GMC,2020 GMC Sierra 1500,SLT 4dr Crew Cab 4WD 5.8 ft. SB (5.3L 8cyl 10A),,,,,,,
GMC,2020 GMC Terrain,SLE 4dr SUV (1.5L 4cyl Turbo 9A),,,,,,,
GMC,2020 GMC Acadia,SLE 4dr SUV (2.5L 4cyl 9A),,,,,,,
GMC,2020 GMC Sierra 2500HD,Denali 4dr Crew Cab 4WD SB (6.6L 8cyl 6A),,,,,,,
GMC,2021 GMC Sierra 3500HD,4dr Crew Cab 4WD LB (6.6L 8cyl 6A),,,,,,,
GMC,2021 GMC Savana Cargo,3500 3dr Van (4.3L 6cyl 8A),,,,,,,
GMC,2021 GMC Sierra 1500,SLT 4dr Crew Cab 4WD 5.8 ft. SB (5.3L 8cyl 10A),,,,,"$1,750 Loyalty for Lease - Expires 03/31/2021,$1,500 Loyalty for Lease - Expires 03/31/2021",,
GMC,2021 GMC Sierra 2500HD,AT4 4dr Crew Cab 4WD LB (6.6L 8cyl 6A),,,,,$250 Loyalty for Lease - Expires 03/31/2021,,
GMC,2021 GMC Yukon XL,Denali 4dr SUV 4WD (6.2L 8cyl 10A),,,,,,,
GMC,2021 GMC Terrain,SLT 4dr SUV AWD (1.5L 4cyl Turbo 9A),,,,,"$1,500 Loyalty for Lease - Expires 03/31/2021,$1,000 Loyalty for Lease - Expires 03/31/2021",,
GMC,2021 GMC Canyon,Denali 4dr Crew Cab 4WD 5.1 ft. SB (3.6L 6cyl 8A),,,,,"$1,500 Loyalty for Lease - Expires 03/31/2021,$1,750 Loyalty for Lease - Expires 03/31/2021",,
GMC,2021 GMC Acadia,Denali 4dr SUV AWD (3.6L 6cyl 9A),,,,,"$1,500 Loyalty for Lease - Expires 03/31/2021,$2,000 Loyalty for Lease - Expires 03/31/2021",,
GMC,2021 GMC Yukon,Denali 4dr SUV 4WD (6.2L 8cyl 10A),,,,,,,
Hyundai,2020 Hyundai Sonata Hybrid,Limited 4dr Sedan (2.0L 4cyl gas/electric hybrid 6A),$400 Student/College Grad for Lease - Expires 03/31/2021,$500 Military for Lease - Expires 03/31/2021,$500 First Responder for Lease - Expires 03/31/2021,,,,
Hyundai,2020 Hyundai NEXO,Limited 4dr SUV (electric (fuel cell) DD),,,,,,,
Hyundai,2020 Hyundai Ioniq Electric,SE 4dr Hatchback (electric DD),$400 Student/College Grad for Lease - Expires 03/31/2021,$500 Military for Lease - Expires 03/31/2021,$500 First Responder for Lease - Expires 03/31/2021,,,,
Hyundai,2020 Hyundai Elantra GT,4dr Hatchback (2.0L 4cyl 6A),$400 Student/College Grad for Lease - Expires 03/31/2021,$500 Military for Lease - Expires 03/31/2021,$500 First Responder for Lease - Expires 03/31/2021,,,,
Hyundai,2020 Hyundai Kona Electric,SEL 4dr SUV (electric DD),$400 Student/College Grad for Lease - Expires 03/31/2021,$500 Military for Lease - Expires 03/31/2021,$500 First Responder for Lease - Expires 03/31/2021,,,,
Hyundai,2020 Hyundai Ioniq Plug-In Hybrid,SE 4dr Hatchback (1.6L 4cyl gas/electric hybrid 6AM),$400 Student/College Grad for Lease - Expires 03/31/2021,$500 Military for Lease - Expires 03/31/2021,$500 First Responder for Lease - Expires 03/31/2021,,,,
Hyundai,2020 Hyundai Tucson,Value 4dr SUV (2.0L 4cyl 6A),$400 Student/College Grad for Lease - Expires 03/31/2021,$500 Military for Lease - Expires 03/31/2021,$500 First Responder for Lease - Expires 03/31/2021,,,,
Hyundai,2020 Hyundai Accent,SE 4dr Sedan (1.6L 4cyl CVT),$400 Student/College Grad for Lease - Expires 03/31/2021,$500 Military for Lease - Expires 03/31/2021,$500 First Responder for Lease - Expires 03/31/2021,,,,
Hyundai,2020 Hyundai Veloster,N 3dr Hatchback (2.0L 4cyl Turbo 6M),$400 Student/College Grad for Retail or Lease - Expires 03/31/2021,$500 Military for Retail or Lease - Expires 03/31/2021,$500 First Responder for Retail or Lease - Expires 03/31/2021,,,,
Hyundai,2020 Hyundai Kona,SEL 4dr SUV (2.0L 4cyl 6A),$400 Student/College Grad for Lease - Expires 03/31/2021,$500 Military for Lease - Expires 03/31/2021,$500 First Responder for Lease - Expires 03/31/2021,,,,
Hyundai,2020 Hyundai Ioniq Hybrid,Blue 4dr Hatchback (1.6L 4cyl gas/electric hybrid 6AM),$400 Student/College Grad for Lease - Expires 03/31/2021,$500 Military for Lease - Expires 03/31/2021,$500 First Responder for Lease - Expires 03/31/2021,,,,
Hyundai,2020 Hyundai Santa Fe,SEL 4dr SUV (2.4L 4cyl 8A),$400 Student/College Grad for Lease - Expires 03/31/2021,$500 Military for Lease - Expires 03/31/2021,$500 First Responder for Lease - Expires 03/31/2021,,,,
Hyundai,2020 Hyundai Elantra,SEL 4dr Sedan (2.0L 4cyl CVT),$400 Student/College Grad for Lease - Expires 03/31/2021,$500 Military for Lease - Expires 03/31/2021,$500 First Responder for Lease - Expires 03/31/2021,,,,
Hyundai,2020 Hyundai Sonata,SEL 4dr Sedan (2.5L 4cyl 8A),$400 Student/College Grad for Lease - Expires 03/31/2021,$500 Military for Lease - Expires 03/31/2021,$500 First Responder for Lease - Expires 03/31/2021,,,,
Hyundai,2020 Hyundai Venue,SEL 4dr Hatchback (1.6L 4cyl CVT),$400 Student/College Grad for Lease - Expires 03/31/2021,$500 Military for Lease - Expires 03/31/2021,$500 First Responder for Lease - Expires 03/31/2021,,,,
Hyundai,2020 Hyundai Palisade,Limited 4dr SUV AWD (3.8L 6cyl 8A),$400 Student/College Grad for Lease - Expires 03/31/2021,$500 Military for Lease - Expires 03/31/2021,$500 First Responder for Lease - Expires 03/31/2021,,,,
Hyundai,2021 Hyundai Elantra,SE 4dr Sedan (2.0L 4cyl CVT),$400 Student/College Grad for Lease - Expires 03/31/2021,$500 Military for Lease - Expires 03/31/2021,$500 First Responder for Lease - Expires 03/31/2021,,,,
Hyundai,2021 Hyundai Sonata Hybrid,Limited 4dr Sedan (2.0L 4cyl gas/electric hybrid 6A),$400 Student/College Grad for Lease - Expires 03/31/2021,$500 Military for Lease - Expires 03/31/2021,$500 First Responder for Lease - Expires 03/31/2021,,,,
Hyundai,2021 Hyundai Kona,SEL 4dr SUV (2.0L 4cyl 6A),$400 Student/College Grad for Lease - Expires 03/31/2021,$500 Military for Lease - Expires 03/31/2021,$500 First Responder for Lease - Expires 03/31/2021,,,,
Hyundai,2021 Hyundai Accent,SE 4dr Sedan (1.6L 4cyl CVT),$400 Student/College Grad for Lease - Expires 03/31/2021,$500 Military for Lease - Expires 03/31/2021,$500 First Responder for Lease - Expires 03/31/2021,,,,
Hyundai,2021 Hyundai Tucson,SE 4dr SUV (2.0L 4cyl 6A),$400 Student/College Grad for Lease - Expires 03/31/2021,$500 Military for Lease - Expires 03/31/2021,$500 First Responder for Lease - Expires 03/31/2021,,,,
Hyundai,2021 Hyundai Venue,SEL 4dr Hatchback (1.6L 4cyl CVT),$400 Student/College Grad for Lease - Expires 03/31/2021,$500 Military for Lease - Expires 03/31/2021,$500 First Responder for Lease - Expires 03/31/2021,,,,
Hyundai,2021 Hyundai Veloster,Turbo 3dr Hatchback (1.6L 4cyl Turbo 7AM),$400 Student/College Grad for Lease - Expires 03/31/2021,$500 Military for Lease - Expires 03/31/2021,$500 First Responder for Lease - Expires 03/31/2021,,,,
Hyundai,2021 Hyundai Sonata,Limited 4dr Sedan (1.6L 4cyl Turbo 8A),$400 Student/College Grad for Lease - Expires 03/31/2021,$500 Military for Lease - Expires 03/31/2021,$500 First Responder for Lease - Expires 03/31/2021,,,,
Hyundai,2021 Hyundai Kona Electric,SEL 4dr SUV (electric DD),$400 Student/College Grad for Lease - Expires 03/31/2021,$500 Military for Lease - Expires 03/31/2021,$500 First Responder for Lease - Expires 03/31/2021,,,,
Hyundai,2021 Hyundai Santa Fe,SE 4dr SUV (2.5L 4cyl 8A),$400 Student/College Grad for Lease - Expires 03/31/2021,$500 Military for Lease - Expires 03/31/2021,$500 First Responder for Lease - Expires 03/31/2021,,,,
Hyundai,2021 Hyundai Palisade,Limited 4dr SUV AWD (3.8L 6cyl 8A),$400 Student/College Grad for Lease - Expires 03/31/2021,$500 Military for Lease - Expires 03/31/2021,$500 First Responder for Lease - Expires 03/31/2021,,,,
Honda,2020 Honda Ridgeline,RTL-E 4dr Crew Cab AWD SB (3.5L 6cyl 9A),$500 Student/College Grad for Retail or Lease - Expires 03/31/2021,$500 Military for Retail or Lease - Expires 03/31/2021,,,,,
Honda,2020 Honda HR-V,EX 4dr SUV AWD (1.8L 4cyl CVT),$500 Student/College Grad for Retail or Lease - Expires 03/31/2021,$500 Military for Retail or Lease - Expires 03/31/2021,,,,,
Honda,2020 Honda Fit,LX 4dr Hatchback (1.5L 4cyl CVT),$500 Student/College Grad for Retail or Lease - Expires 03/31/2021,$500 Military for Retail or Lease - Expires 03/31/2021,,,,,
Honda,2020 Honda Passport,EX-L 4dr SUV AWD (3.5L 6cyl 9A),$500 Student/College Grad for Retail or Lease - Expires 03/31/2021,$500 Military for Retail or Lease - Expires 03/31/2021,,,,,
Honda,2020 Honda Clarity,Touring Plug-In Hybrid 4dr Sedan (1.5L 4cyl gas/electric hybrid CVT),$500 Student/College Grad for Retail or Lease - Expires 03/31/2021,$500 Military for Retail or Lease - Expires 03/31/2021,,,,,
Honda,2020 Honda Accord Hybrid,Touring 4dr Sedan (2.0L 4cyl gas/electric hybrid CVT),$500 Student/College Grad for Retail or Lease - Expires 03/31/2021,$500 Military for Retail or Lease - Expires 03/31/2021,,,,,
Honda,2020 Honda CR-V,EX 4dr SUV AWD (1.5L 4cyl Turbo CVT),$500 Student/College Grad for Retail or Lease - Expires 03/31/2021,$500 Military for Retail or Lease - Expires 03/31/2021,,,,,
Honda,2020 Honda CR-V Hybrid,Touring 4dr SUV AWD (2.0L 4cyl gas/electric hybrid CVT),$500 Student/College Grad for Retail or Lease - Expires 03/31/2021,$500 Military for Retail or Lease - Expires 03/31/2021,,,,,
Honda,2020 Honda Accord,Sport 4dr Sedan (1.5L 4cyl Turbo CVT),$500 Student/College Grad for Retail or Lease - Expires 03/31/2021,$500 Military for Retail or Lease - Expires 03/31/2021,,,,,
Honda,2020 Honda Pilot,EX-L 4dr SUV AWD (3.5L 6cyl 6A),$500 Student/College Grad for Retail or Lease - Expires 03/31/2021,$500 Military for Retail or Lease - Expires 03/31/2021,,,,,
Honda,2020 Honda Civic,LX 4dr Sedan (2.0L 4cyl CVT),$500 Student/College Grad for Retail or Lease - Expires 03/31/2021,$500 Military for Retail or Lease - Expires 03/31/2021,,,,,
Honda,2020 Honda Insight,EX 4dr Sedan (1.5L 4cyl gas/electric hybrid CVT),$500 Student/College Grad for Retail or Lease - Expires 03/31/2021,$500 Military for Retail or Lease - Expires 03/31/2021,,,,,
Honda,2021 Honda Accord Hybrid,4dr Sedan (2.0L 4cyl gas/electric hybrid CVT),$500 Student/College Grad for Retail or Lease - Expires 03/31/2021,$500 Military for Retail or Lease - Expires 03/31/2021,,,"$1,000 Loyalty for Retail or Lease - Expires 07/06/2021",,
Honda,2021 Honda CR-V Hybrid,Touring 4dr SUV AWD (2.0L 4cyl gas/electric hybrid CVT),$500 Student/College Grad for Retail or Lease - Expires 03/31/2021,$500 Military for Retail or Lease - Expires 03/31/2021,,,,,
Honda,2021 Honda Clarity,Touring Plug-In Hybrid 4dr Sedan (1.5L 4cyl gas/electric hybrid CVT),$500 Student/College Grad for Retail or Lease - Expires 03/31/2021,$500 Military for Retail or Lease - Expires 03/31/2021,,,,,
Honda,2020 Honda Odyssey,EX-L 4dr Minivan (3.5L 6cyl 10A),$500 Student/College Grad for Retail or Lease - Expires 03/31/2021,$500 Military for Retail or Lease - Expires 03/31/2021,,,,,
Honda,2021 Honda Insight,EX 4dr Sedan (1.5L 4cyl gas/electric hybrid CVT),$500 Student/College Grad for Retail or Lease - Expires 03/31/2021,$500 Military for Retail or Lease - Expires 03/31/2021,,,,,
Honda,2021 Honda Accord,EX-L 4dr Sedan (1.5L 4cyl Turbo CVT),$500 Student/College Grad for Retail or Lease - Expires 03/31/2021,$500 Military for Retail or Lease - Expires 03/31/2021,,,,,
Honda,2021 Honda Pilot,SE 4dr SUV AWD (3.5L 6cyl 9A),$500 Student/College Grad for Retail or Lease - Expires 03/31/2021,$500 Military for Retail or Lease - Expires 03/31/2021,,,,,
Honda,2021 Honda Passport,EX-L 4dr SUV AWD (3.5L 6cyl 9A),$500 Student/College Grad for Retail or Lease - Expires 03/31/2021,$500 Military for Retail or Lease - Expires 03/31/2021,,,,,
Honda,2021 Honda Odyssey,EX-L 4dr Minivan (3.5L 6cyl 10A),$500 Student/College Grad for Retail or Lease - Expires 03/31/2021,$500 Military for Retail or Lease - Expires 03/31/2021,,,"$1,000 Loyalty for Retail or Lease - Expires 05/03/2021",,
Honda,2021 Honda CR-V,LX 4dr SUV (1.5L 4cyl Turbo CVT),,,,,,,
Honda,2021 Honda HR-V,EX 4dr SUV AWD (1.8L 4cyl CVT),$500 Student/College Grad for Retail or Lease - Expires 03/31/2021,$500 Military for Retail or Lease - Expires 03/31/2021,,,,,
Honda,2021 Honda Civic,Sport 4dr Hatchback (1.5L 4cyl Turbo CVT),,,,,,,
INFINITI,2020 INFINITI QX80,LUXE 4dr SUV 4WD (5.6L 8cyl 7A),,,,,"$2,000 Loyalty for Lease - Expires 03/31/2021,$1,000 Loyalty for Lease - Expires 03/31/2021,$1,000 Loyalty for Lease - Expires 03/31/2021",,
INFINITI,2020 INFINITI Q50,3.0t LUXE 4dr Sedan AWD (3.0L 6cyl Turbo 7A),,,,,"$2,000 Loyalty for Lease - Expires 03/31/2021,$1,000 Loyalty for Lease - Expires 03/31/2021,$1,000 Loyalty for Lease - Expires 03/31/2021",,
INFINITI,2020 INFINITI QX50,LUXE 4dr SUV AWD (2.0L 4cyl Turbo CVT),,,,,"$1,000 Loyalty for Lease - Expires 03/31/2021,$2,000 Loyalty for Lease - Expires 03/31/2021,$1,000 Loyalty for Lease - Expires 03/31/2021",,
Honda,2021 Honda Ridgeline,Sport 4dr Crew Cab AWD SB (3.5L 6cyl 9A),$500 Student/College Grad for Retail or Lease - Expires 03/31/2021,$500 Military for Retail or Lease - Expires 03/31/2021,,,,,
INFINITI,2020 INFINITI QX60,LUXE 4dr SUV AWD (3.5L 6cyl CVT),,,,,"$1,000 Loyalty for Retail or Lease - Expires 03/31/2021,$1,000 Loyalty for Retail or Lease - Expires 03/31/2021,$2,000 Loyalty for Retail or Lease - Expires 03/31/2021",,
INFINITI,2021 INFINITI QX50,LUXE 4dr SUV (2.0L 4cyl Turbo CVT),,,,,"$1,000 Loyalty for Lease - Expires 03/31/2021,$2,000 Loyalty for Lease - Expires 03/31/2021,$1,000 Loyalty for Lease - Expires 03/31/2021",,
INFINITI,2021 INFINITI Q60,LUXE 2dr Coupe (3.0L 6cyl Turbo 7A),,,,,"$1,000 Loyalty for Lease - Expires 03/31/2021,$2,000 Loyalty for Lease - Expires 03/31/2021,$1,000 Loyalty for Lease - Expires 03/31/2021",,
INFINITI,2021 INFINITI Q50,LUXE 4dr Sedan (3.0L 6cyl Turbo 7A),,,,,"$1,000 Loyalty for Lease - Expires 03/31/2021,$1,000 Loyalty for Lease - Expires 03/31/2021,$2,000 Loyalty for Lease - Expires 03/31/2021",,
INFINITI,2021 INFINITI QX80,SENSORY 4dr SUV 4WD (5.6L 8cyl 7A),,,,,"$2,000 Loyalty for Lease - Expires 03/31/2021,$1,000 Loyalty for Lease - Expires 03/31/2021,$1,000 Loyalty for Lease - Expires 03/31/2021",,
Genesis,2020 Genesis G80,3.8 4dr Sedan (3.8L 6cyl 8A),,,,,,,
Genesis,2020 Genesis G70,2.0T 4dr Sedan (2.0L 4cyl Turbo 8A),,,,,,,
Genesis,2021 Genesis G80,2.5T 4dr Sedan (2.5L 4cyl Turbo 8A),,$500 Military for Lease - Expires 03/31/2021,$500 First Responder for Lease - Expires 03/31/2021,,,,
Genesis,2021 Genesis GV80,2.5T 4dr SUV (2.5L 4cyl Turbo 8A),,$500 Military for Lease - Expires 03/31/2021,$500 First Responder for Lease - Expires 03/31/2021,,,,
FIAT,2020 FIAT 124 Spider,Abarth 2dr Convertible (1.4L 4cyl Turbo 6M),,$500 Military for Retail or Lease - Expires 01/03/2022,$500 First Responder for Retail or Lease - Expires 01/03/2022,,,,
Genesis,2021 Genesis G70,3.3T 4dr Sedan AWD (3.3L 6cyl Turbo 8A),,$500 Military for Lease - Expires 03/31/2021,$500 First Responder for Lease - Expires 03/31/2021,,"$1,000 Loyalty for Lease - Expires 03/31/2021","$1,000 Conquest for Lease - Expires 03/31/2021",
FIAT,2021 FIAT 500X,Trekking 4dr SUV AWD (1.3L 4cyl Turbo 9A),,,,,,,
Jaguar,2020 Jaguar F-PACE,25t Premium 4dr SUV AWD (2.0L 4cyl Turbo 8A),,,,,,,
FIAT,2020 FIAT 500L,Pop 4dr Wagon (1.4L 4cyl Turbo 6A),,$500 Military for Retail or Lease - Expires 01/03/2022,$500 First Responder for Retail or Lease - Expires 01/03/2022,"$2,000 Customer Bonus Cash for Retail or Lease - Expires 03/31/2021",,,
Jaguar,2020 Jaguar I-PACE,HSE 4dr Hatchback AWD (electric DD),,,,,,,
Jaguar,2020 Jaguar XF,25t Premium 4dr Sedan (2.0L 4cyl Turbo 8A),,,,,,,
Jaguar,2020 Jaguar XE,S 4dr Sedan (2.0L 4cyl Turbo 8A),,,,,,,
Jaguar,2021 Jaguar F-TYPE,R 2dr Coupe AWD (5.0L 8cyl S/C 8A),,,,,,,
Ford,2020 Ford F-350 Super Duty,Limited 4dr Crew Cab 4WD SB (6.7L 8cyl Turbodiesel 10A),,$500 Military for Retail or Lease - Expires 01/03/2022,$500 First Responder for Retail or Lease - Expires 01/03/2022,,,,
Ford,2020 Ford F-450 Super Duty,Platinum 4dr Crew Cab 4WD DRW (6.7L 8cyl Turbodiesel 10A),,,,,,,
Ford,2020 Ford Ranger,XLT 4dr Crew Cab 4WD SB (2.3L 4cyl Turbo 10A),$500 Student/College Grad for Lease - Expires 01/03/2022,$500 Military for Retail or Lease - Expires 01/03/2022,$500 First Responder for Retail or Lease - Expires 01/03/2022,,,,
Ford,2020 Ford Expedition,XLT 4dr SUV (3.5L 6cyl Turbo 10A),,$500 Military for Retail or Lease - Expires 01/03/2022,$500 First Responder for Retail or Lease - Expires 01/03/2022,,,,
Ford,2020 Ford F-150,XLT 4dr SuperCrew 4WD 5.5 ft. SB (3.3L 6cyl 6A),$500 Student/College Grad for Lease - Expires 01/03/2022,$500 Military for Retail or Lease - Expires 01/03/2022,$500 First Responder for Retail or Lease - Expires 01/03/2022,"$1,500 Customer Bonus Cash for Retail or Lease - Expires 03/31/2021","$3,750 Loyalty for Retail or Lease - Expires 03/31/2021",,
Ford,2020 Ford Transit Passenger Van,"350 XL Medium Roof 3dr Van w/148"" WB (3.5L 6cyl 10A)",,$500 Military for Retail or Lease - Expires 01/03/2022,$500 First Responder for Retail or Lease - Expires 01/03/2022,,"$1,000 Loyalty for Retail or Lease - Expires 03/31/2021","$2,500 Conquest for Retail or Lease - Expires 03/31/2021,$1,000 Conquest for Retail or Lease - Expires 03/31/2021",
Ford,2020 Ford Edge,SEL 4dr SUV AWD (2.0L 4cyl Turbo 8A),$500 Student/College Grad for Lease - Expires 01/03/2022,$500 Military for Retail or Lease - Expires 01/03/2022,$500 First Responder for Retail or Lease - Expires 01/03/2022,,,,
Ford,2020 Ford Shelby GT350,2dr Coupe (5.2L 8cyl 6M),,,,,,,
Ford,2020 Ford Fusion Hybrid,SE 4dr Sedan (2.0L 4cyl gas/electric hybrid CVT),$500 Student/College Grad for Lease - Expires 01/03/2022,$500 Military for Retail or Lease - Expires 01/03/2022,$500 First Responder for Retail or Lease - Expires 01/03/2022,,,,
Ford,2020 Ford EcoSport,SE 4dr SUV (1.0L 3cyl Turbo 6A),$500 Student/College Grad for Lease - Expires 01/03/2022,$500 Military for Retail or Lease - Expires 01/03/2022,$500 First Responder for Retail or Lease - Expires 01/03/2022,,,,
Ford,2020 Ford Fusion,SE 4dr Sedan (1.5L 4cyl Turbo 6A),$500 Student/College Grad for Lease - Expires 01/03/2022,$500 Military for Retail or Lease - Expires 01/03/2022,$500 First Responder for Retail or Lease - Expires 01/03/2022,,,,
Ford,2020 Ford Transit Cargo Van,"250 Medium Roof 3dr Van w/130"" WB (3.5L 6cyl 10A)",,$500 Military for Retail or Lease - Expires 01/03/2022,$500 First Responder for Retail or Lease - Expires 01/03/2022,,"$1,000 Loyalty for Retail or Lease - Expires 03/31/2021","$2,500 Conquest for Retail or Lease - Expires 03/31/2021,$1,000 Conquest for Retail or Lease - Expires 03/31/2021",
Ford,2020 Ford Escape,SE 4dr SUV AWD (1.5L 3cyl Turbo 8A),$500 Student/College Grad for Lease - Expires 01/03/2022,$500 Military for Retail or Lease - Expires 01/03/2022,$500 First Responder for Retail or Lease - Expires 01/03/2022,,"$1,500 Loyalty for Retail or Lease - Expires 03/31/2021",,
Ford,2020 Ford Mustang,EcoBoost 2dr Coupe (2.3L 4cyl Turbo 6M),$500 Student/College Grad for Lease - Expires 01/03/2022,$500 Military for Retail or Lease - Expires 01/03/2022,$500 First Responder for Retail or Lease - Expires 01/03/2022,,,,
Ford,2020 Ford Transit Connect,Cargo Van XL 4dr Minivan w/Rear 180 Degree Doors LWB (2.0L 4cyl 8A),,$500 Military for Retail or Lease - Expires 01/03/2022,$500 First Responder for Retail or Lease - Expires 01/03/2022,,,,
Ford,2020 Ford F-250 Super Duty,Limited 4dr Crew Cab 4WD LB (6.7L 8cyl Turbodiesel 10A),,$500 Military for Retail or Lease - Expires 01/03/2022,$500 First Responder for Retail or Lease - Expires 01/03/2022,,,,
Ford,2020 Ford Shelby GT500,2dr Coupe (5.2L 8cyl S/C 7AM),,,,,,,
Ford,2020 Ford Fusion Plug-In Hybrid,Titanium 4dr Sedan (2.0L 4cyl gas/electric hybrid CVT),$500 Student/College Grad for Lease - Expires 01/03/2022,$500 Military for Retail or Lease - Expires 01/03/2022,$500 First Responder for Retail or Lease - Expires 01/03/2022,,,,
Ford,2020 Ford Explorer,XLT 4dr SUV AWD (2.3L 4cyl Turbo 10A),,$500 Military for Retail or Lease - Expires 01/03/2022,$500 First Responder for Retail or Lease - Expires 01/03/2022,,"$1,500 Loyalty for Retail or Lease - Expires 03/31/2021",,
Ford,2021 Ford F-450 Super Duty,XL 2dr Regular Cab DRW (6.7L 8cyl Turbodiesel 10A),,$500 Military for Retail or Lease - Expires 01/03/2022,$500 First Responder for Retail or Lease - Expires 01/03/2022,,,,
Ford,2021 Ford F-350 Super Duty,Platinum 4dr Crew Cab LB DRW (6.2L 8cyl 10A),,$500 Military for Retail or Lease - Expires 01/03/2022,$500 First Responder for Retail or Lease - Expires 01/03/2022,,,,
Ford,2021 Ford Escape Plug-In Hybrid,SE 4dr SUV (2.5L 4cyl gas/electric hybrid EVT),,,,,,,
Ford,2021 Ford F-250 Super Duty,King Ranch 4dr Crew Cab SB (6.2L 8cyl 6A),,$500 Military for Retail or Lease - Expires 01/03/2022,$500 First Responder for Retail or Lease - Expires 01/03/2022,,,,
Ford,2021 Ford Bronco Sport,Badlands 4dr SUV AWD (2.0L 4cyl Turbo 8A),,,,,,,
Ford,2021 Ford Mustang,EcoBoost 2dr Coupe (2.3L 4cyl Turbo 6M),$500 Student/College Grad for Lease - Expires 01/03/2022,$500 Military for Retail or Lease - Expires 01/03/2022,$500 First Responder for Retail or Lease - Expires 01/03/2022,,,,
Ford,2021 Ford Transit Connect,Cargo Van XL 4dr Minivan w/Rear 180 Degree Doors LWB (2.0L 4cyl 8A),,$500 Military for Retail or Lease - Expires 01/03/2022,$500 First Responder for Retail or Lease - Expires 01/03/2022,,,,
Ford,2021 Ford Explorer,XLT 4dr SUV AWD (2.3L 4cyl Turbo 10A),,$500 Military for Retail or Lease - Expires 01/03/2022,$500 First Responder for Retail or Lease - Expires 01/03/2022,,"$1,500 Loyalty for Retail or Lease - Expires 03/31/2021",,
Ford,2021 Ford F-150,XLT 4dr SuperCrew 4WD 5.5 ft. SB (3.3L 6cyl 10A),$500 Student/College Grad for Lease - Expires 01/03/2022,$500 Military for Retail or Lease - Expires 01/03/2022,$500 First Responder for Retail or Lease - Expires 01/03/2022,,"$1,750 Loyalty for Retail or Lease - Expires 03/31/2021",,
Ford,2021 Ford Edge,SE 4dr SUV (2.0L 4cyl Turbo 8A),$500 Student/College Grad for Lease - Expires 01/03/2022,$500 Military for Retail or Lease - Expires 01/03/2022,$500 First Responder for Retail or Lease - Expires 01/03/2022,,,,
Ford,2021 Ford Escape,S 4dr SUV (1.5L 3cyl Turbo 8A),$500 Student/College Grad for Lease - Expires 01/03/2022,$500 Military for Retail or Lease - Expires 01/03/2022,$500 First Responder for Retail or Lease - Expires 01/03/2022,,,,
Ford,2021 Ford Expedition,XL 4dr SUV (3.5L 6cyl Turbo 10A),,$500 Military for Retail or Lease - Expires 01/03/2022,$500 First Responder for Retail or Lease - Expires 01/03/2022,,,,
Ford,2021 Ford EcoSport,SES 4dr SUV AWD (2.0L 4cyl 6A),$500 Student/College Grad for Lease - Expires 01/03/2022,$500 Military for Retail or Lease - Expires 01/03/2022,$500 First Responder for Retail or Lease - Expires 01/03/2022,,,,
Ford,2021 Ford Ranger,XL 4dr SuperCab SB (2.3L 4cyl Turbo 10A),$500 Student/College Grad for Lease - Expires 01/03/2022,$500 Military for Retail or Lease - Expires 01/03/2022,$500 First Responder for Retail or Lease - Expires 01/03/2022,,,,
Ford,2021 Ford Mustang Mach-E,Select 4dr Hatchback w/Standard Range (electric DD),,,,,,,
Acura,2020 Acura NSX,2dr Coupe AWD (3.5L 6cyl Turbo gas/electric hybrid 9AM),,,,,,,
Acura,2020 Acura RLX,Sport Hybrid SH-AWD 4dr Sedan AWD (3.5L 6cyl gas/electric hybrid 7AM),$500 Student/College Grad for Retail or Lease - Expires 03/31/2021,$750 Military for Retail or Lease - Expires 03/31/2021,,,"$1,000 Loyalty for Retail or Lease - Expires 03/31/2021",,
Acura,2020 Acura MDX,SH-AWD 4dr SUV AWD w/Technology Package (3.5L 6cyl 9A),$500 Student/College Grad for Retail or Lease - Expires 03/31/2021,$750 Military for Retail or Lease - Expires 03/31/2021,,,"$1,500 Loyalty for Retail or Lease - Expires 03/31/2021",,
Acura,2020 Acura RDX,SH-AWD 4dr SUV AWD w/Technology Package (2.0L 4cyl Turbo 10A),$500 Student/College Grad for Retail or Lease - Expires 03/31/2021,$750 Military for Retail or Lease - Expires 03/31/2021,,,"$1,500 Loyalty for Retail or Lease - Expires 03/31/2021","$1,000 Conquest for Retail or Lease - Expires 03/31/2021",
Acura,2021 Acura ILX,4dr Sedan (2.4L 4cyl 8AM),$500 Student/College Grad for Retail or Lease - Expires 03/31/2021,$750 Military for Retail or Lease - Expires 03/31/2021,,,$500 Loyalty for Retail or Lease - Expires 03/31/2021,$500 Conquest for Retail or Lease - Expires 03/31/2021,
Acura,2021 Acura TLX,SH-AWD 4dr Sedan AWD w/2.0T and A-Spec Package (2.0L 4cyl Turbo 10A),$500 Student/College Grad for Retail or Lease - Expires 03/31/2021,$750 Military for Retail or Lease - Expires 03/31/2021,,,"$2,500 Loyalty for Retail or Lease - Expires 03/31/2021","$2,500 Conquest for Retail or Lease - Expires 03/31/2021",
Acura,2021 Acura RDX,SH-AWD 4dr SUV AWD w/Technology Package (2.0L 4cyl Turbo 10A),$500 Student/College Grad for Retail or Lease - Expires 03/31/2021,$750 Military for Retail or Lease - Expires 03/31/2021,,,"$1,500 Loyalty for Retail or Lease - Expires 03/31/2021","$1,000 Conquest for Retail or Lease - Expires 03/31/2021",
Acura,2022 Acura MDX,4dr SUV (3.5L 6cyl 10A),,,,,,,
Acura,2020 Acura TLX,4dr Sedan (2.4L 4cyl 8AM),$500 Student/College Grad for Retail or Lease - Expires 03/31/2021,$750 Military for Retail or Lease - Expires 03/31/2021,,,,,
Volvo,2020 Volvo V90,T6 Inscription 4dr Wagon AWD (2.0L 4cyl Twincharger 8A),,,,,,,
Volkswagen,2020 Volkswagen Arteon,SEL R-Line 4dr Hatchback AWD (2.0L 4cyl Turbo 8A),$500 Student/College Grad for Retail or Lease - Expires 01/03/2022,$500 Military for Retail or Lease - Expires 01/03/2022,$500 First Responder for Retail or Lease - Expires 01/03/2022,,,,"$1,000 Mobility for Retail or Lease - Expires 01/03/2022"
Volkswagen,2020 Volkswagen Jetta GLI,S 4dr Sedan (2.0L 4cyl Turbo 6M),$500 Student/College Grad for Retail or Lease - Expires 01/03/2022,$500 Military for Retail or Lease - Expires 01/03/2022,$500 First Responder for Retail or Lease - Expires 01/03/2022,,,,"$1,000 Mobility for Retail or Lease - Expires 01/03/2022"
Toyota,2020 Toyota Highlander Hybrid,XLE 4dr SUV AWD (2.5L 4cyl gas/electric hybrid CVT),,,,,,,
Nissan,2020 Nissan NV Passenger,3500 SL 3dr Van (5.6L 8cyl 7A),,,,,,,
Nissan,2020 Nissan NV Cargo,2500 SV 3dr Van w/High Roof (4.0L 6cyl 5A),,,,,,,
MINI,2020 MINI Convertible,Cooper S 2dr Convertible (2.0L 4cyl Turbo 7AM),$500 Student/College Grad for Retail or Lease - Expires 03/31/2021,$500 Military for Retail or Lease - Expires 01/03/2022,,,,,
Mercedes-Benz,2021 Mercedes-Benz GLE-Class Coupe,AMG GLE 53 4dr SUV AWD (3.0L 6cyl Twincharger gas/electric hybrid 9A),,,,,"$1,000 Loyalty for Lease - Expires 03/31/2021",,
Toyota,2020 Toyota Mirai,4dr Sedan (electric (fuel cell) DD),,,,,,,
Mazda,2020 Mazda MX-5 Miata RF,Grand Touring 2dr Convertible (2.0L 4cyl 6M),,$500 Military for Lease - Expires 03/31/2021,,,$750 Loyalty for Lease - Expires 03/31/2021,,
Maserati,2020 Maserati Quattroporte,S GranSport 4dr Sedan (3.0L 6cyl Turbo 8A),,,,,"$6,000 Loyalty for Lease - Expires 03/31/2021",,
Lincoln,2020 Lincoln Nautilus,Reserve 4dr SUV AWD (2.0L 4cyl Turbo 8A),$500 Student/College Grad for Lease - Expires 01/03/2022,$500 Military for Retail or Lease - Expires 01/03/2022,$500 First Responder for Retail or Lease - Expires 01/03/2022,,"$1,000 Loyalty for Retail or Lease - Expires 03/31/2021","$1,500 Conquest for Retail or Lease - Expires 03/31/2021",
Lincoln,2020 Lincoln Continental,Reserve 4dr Sedan AWD (2.7L 6cyl Turbo 6A),$500 Student/College Grad for Lease - Expires 01/03/2022,$500 Military for Retail or Lease - Expires 01/03/2022,$500 First Responder for Retail or Lease - Expires 01/03/2022,,"$2,000 Loyalty for Retail or Lease - Expires 03/31/2021","$1,500 Conquest for Retail or Lease - Expires 03/31/2021",
Lexus,2021 Lexus ES 300h,Ultra Luxury 4dr Sedan (2.5L 4cyl gas/electric hybrid CVT),"$1,000 Student/College Grad for Retail or Lease - Expires 01/03/2022","$1,000 Military for Retail or Lease - Expires 01/03/2022",,,"$1,500 Loyalty for Lease - Expires 03/31/2021",,
Land,2021 Land Rover Range Rover Sport,P360 HSE Silver Edition 4dr SUV 4WD (3.0L 6cyl Twincharger gas/electric hybrid 8A),,,,,,,
Land,2020 Land Rover Discovery,Landmark Edition 4dr SUV 4WD (3.0L 6cyl S/C 8A),,,,,,,
Jeep,2020 Jeep Compass,Latitude 4dr SUV 4WD (2.4L 4cyl 6M),,$500 Military for Retail or Lease - Expires 01/03/2022,,,"$500 Loyalty for Retail or Lease - Expires 03/31/2021,$500 Loyalty for Retail or Lease - Expires 03/31/2021",,
Jeep,2020 Jeep Wrangler,Unlimited Rubicon 4dr SUV 4WD (3.6L 6cyl 6M),,,$500 First Responder for Retail or Lease - Expires 01/04/2022,,,,
Jeep,2020 Jeep Grand Cherokee,Limited 4dr SUV 4WD (3.6L 6cyl 8A),,$500 Military for Retail or Lease - Expires 01/03/2022,$500 First Responder for Retail or Lease - Expires 01/04/2022,,$500 Loyalty for Retail or Lease - Expires 03/31/2021,,
Jeep,2020 Jeep Cherokee,Limited 4dr SUV 4WD (3.2L 6cyl 9A),,$500 Military for Retail or Lease - Expires 01/03/2022,$500 First Responder for Retail or Lease - Expires 01/04/2022,,"$500 Loyalty for Retail or Lease - Expires 03/31/2021,$500 Loyalty for Retail or Lease - Expires 03/31/2021",,
Jeep,2020 Jeep Renegade,Latitude 4dr SUV 4WD (2.4L 4cyl 9A),,$500 Military for Retail or Lease - Expires 01/03/2022,$500 First Responder for Retail or Lease - Expires 01/04/2022,,$500 Loyalty for Retail or Lease - Expires 03/31/2021,,
Jeep,2020 Jeep Gladiator,Sport S 4dr Crew Cab 4WD SB (3.6L 6cyl 6M),,$500 Military for Retail or Lease - Expires 01/03/2022,$500 First Responder for Retail or Lease - Expires 01/04/2022,,,,
Jeep,2021 Jeep Grand Cherokee,Limited 4dr SUV 4WD (3.6L 6cyl 8A),,$500 Military for Retail or Lease - Expires 01/03/2022,$500 First Responder for Retail or Lease - Expires 01/04/2022,,"$500 Loyalty for Retail or Lease - Expires 03/31/2021,$1,500 Loyalty for Lease - Expires 03/31/2021",,
Jeep,2021 Jeep Gladiator,Sport S 4dr Crew Cab 4WD SB (3.6L 6cyl 6M),,$500 Military for Retail or Lease - Expires 01/03/2022,$500 First Responder for Retail or Lease - Expires 01/04/2022,"$1,500 Customer Bonus Cash for Retail or Lease - Expires 03/31/2021",,,
Jeep,2021 Jeep Cherokee,Limited 4dr SUV 4WD (3.2L 6cyl 9A),,$500 Military for Retail or Lease - Expires 01/03/2022,$500 First Responder for Retail or Lease - Expires 01/04/2022,,"$500 Loyalty for Lease - Expires 03/31/2021,$500 Loyalty for Retail or Lease - Expires 03/31/2021,$750 Loyalty for Lease - Expires 03/31/2021",,
Jeep,2021 Jeep Wrangler,Unlimited Rubicon 4dr SUV 4WD (3.6L 6cyl 6M),,,,,,,
Jeep,2021 Jeep Compass,Limited 4dr SUV 4WD (2.4L 4cyl 9A),,$500 Military for Retail or Lease - Expires 01/03/2022,$500 First Responder for Retail or Lease - Expires 01/04/2022,,"$500 Loyalty for Retail or Lease - Expires 03/31/2021,$500 Loyalty for Lease - Expires 03/31/2021",,
Jeep,2021 Jeep Renegade,Latitude 4dr SUV 4WD (2.4L 4cyl 9A),,$500 Military for Retail or Lease - Expires 01/03/2022,$500 First Responder for Retail or Lease - Expires 01/04/2022,,$500 Loyalty for Retail or Lease - Expires 03/31/2021,,
Kia,2020 Kia Niro Plug-In Hybrid,EX Premium 4dr SUV (1.6L 4cyl gas/electric hybrid 6AM),,$400 Military for Lease - Expires 03/31/2021,,,,,
Kia,2020 Kia Cadenza,Technology 4dr Sedan (3.3L 6cyl 8A),,$400 Military for Lease - Expires 03/31/2021,,,,,
Kia,2020 Kia Stinger,GT-Line 4dr Sedan (2.0L 4cyl Turbo 8A),,,,,,,
Kia,2020 Kia K900,Luxury 4dr Sedan AWD (3.3L 6cyl Turbo 8A),,$400 Military for Retail or Lease - Expires 03/31/2021,,,,,
Kia,2020 Kia Niro EV,EX 4dr SUV (electric DD),,$400 Military for Retail or Lease - Expires 03/31/2021,,,,,
Kia,2020 Kia Niro,LXS 4dr SUV (1.6L 4cyl gas/electric hybrid 6AM),,$400 Military for Lease - Expires 03/31/2021,,,,,
Kia,2020 Kia Rio,S 4dr Sedan (1.6L 4cyl CVT),,$400 Military for Lease - Expires 03/31/2021,,,,,
Kia,2020 Kia Sorento,LX 4dr SUV (2.4L 4cyl 6A),,,,,,,
Kia,2020 Kia Optima,LX 4dr Sedan (2.4L 4cyl 6A),,,,,,,
Kia,2020 Kia Sedona,LX 4dr Minivan (3.3L 6cyl 8A),,,,,,,
Kia,2020 Kia Optima Plug-In Hybrid,EX 4dr Sedan (2.0L 4cyl gas/electric hybrid 6A),,,,,,,
Kia,2020 Kia Optima Hybrid,EX 4dr Sedan (2.0L 4cyl gas/electric hybrid 6A),,,,,,,
Kia,2020 Kia Soul,LX 4dr Wagon (2.0L 4cyl CVT),,,,,,,
Kia,2020 Kia Forte,LXS 4dr Sedan (2.0L 4cyl CVT),,,,,,,
Kia,2020 Kia Telluride,LX 4dr SUV (3.8L 6cyl 8A),,,,,,,
Kia,2021 Kia Sorento Hybrid,S 4dr SUV (1.6L 4cyl Turbo gas/electric hybrid 6A),,$400 Military for Retail or Lease - Expires 03/31/2021,,,,,
Kia,2020 Kia Sportage,LX 4dr SUV (2.4L 4cyl 6A),,,,,,,
Kia,2021 Kia Rio,S 4dr Sedan (1.6L 4cyl CVT),,$400 Military for Lease - Expires 03/31/2021,,,,,
Kia,2021 Kia Forte,LXS 4dr Sedan (2.0L 4cyl CVT),,$400 Military for Lease - Expires 03/31/2021,,,,,
Kia,2021 Kia Sedona,LX 4dr Minivan (3.3L 6cyl 8A),,$400 Military for Retail or Lease - Expires 03/31/2021,,,,,
Kia,2021 Kia Soul,LX 4dr Wagon (2.0L 4cyl CVT),,$400 Military for Lease - Expires 03/31/2021,,,,,
Kia,2021 Kia Sportage,LX 4dr SUV (2.4L 4cyl 6A),,$400 Military for Lease - Expires 03/31/2021,,,,,
Kia,2021 Kia Sorento,LX 4dr SUV (2.5L 4cyl 8A),,$400 Military for Lease - Expires 03/31/2021,,,,,
Kia,2021 Kia K5,GT-Line 4dr Sedan (1.6L 4cyl Turbo 8A),,$400 Military for Lease - Expires 03/31/2021,,,,,
Kia,2021 Kia Seltos,S 4dr SUV (2.0L 4cyl CVT),,$400 Military for Lease - Expires 03/31/2021,,,,,
Kia,2021 Kia Telluride,SX 4dr SUV AWD (3.8L 6cyl 8A),,$400 Military for Lease - Expires 03/31/2021,,,,,
Kia,2022 Kia Carnival,LX 4dr Minivan (3.5L 6cyl 8A),,,,,,,
Land,2020 Land Rover Range Rover Sport,P360 HSE 4dr SUV 4WD (3.0L 6cyl Twincharger gas/electric hybrid 8A),,,,,,,
Land,2020 Land Rover Range Rover,P400 HSE 4dr SUV 4WD (3.0L 6cyl Twincharger gas/electric hybrid 8A),,,,,,,
Land,2020 Land Rover Discovery Sport,P250 S 4dr SUV AWD (2.0L 4cyl Turbo 9A),,,,,,,
Land,2020 Land Rover Range Rover Velar,P250 R-Dynamic S 4dr SUV AWD (2.0L 4cyl Turbo 8A),,,,,,,
Land,2020 Land Rover Defender,P400 110 HSE 4dr SUV AWD (3.0L 6cyl Twincharger gas/electric hybrid 8A),,,,,,,
Land,2020 Land Rover Range Rover Evoque,S 4dr SUV AWD (2.0L 4cyl Turbo 9A),,,,,,,
Kia,2021 Kia Stinger,GT-Line 4dr Sedan (2.0L 4cyl Turbo 8A),,$400 Military for Lease - Expires 03/31/2021,,,,,
Land,2021 Land Rover Defender,P400 110 X-Dynamic SE 4dr SUV AWD (3.0L 6cyl Twincharger gas/electric hybrid 8A),,,,,,,
Land,2021 Land Rover Range Rover,P400 HSE Westminster 4dr SUV 4WD (3.0L 6cyl Twincharger gas/electric hybrid 8A),,,,,,,
Lexus,2020 Lexus RC 350,F SPORT 2dr Coupe (3.5L 6cyl 8A),,,,,,,
Lexus,2020 Lexus RC 300,F SPORT 2dr Coupe (2.0L 4cyl Turbo 8A),,,,,,,
Lexus,2020 Lexus LS 500h,4dr Sedan AWD (3.5L 6cyl gas/electric hybrid EVT),,,,,,,
Lexus,2020 Lexus GS F,4dr Sedan (5.0L 8cyl 8A),,,,,,,
Lexus,2020 Lexus UX 250h,4dr SUV AWD (2.0L 4cyl gas/electric hybrid CVT),,,,,,,
Lexus,2020 Lexus UX 200,4dr SUV (2.0L 4cyl CVT),,,,,,,
Lexus,2020 Lexus LS 500,4dr Sedan (3.5L 6cyl Turbo 10A),,,,,,,
Lexus,2020 Lexus IS 350,F SPORT 4dr Sedan (3.5L 6cyl 8A),,,,,,,
Lexus,2020 Lexus IS 300,4dr Sedan (2.0L 4cyl Turbo 8A),,,,,,,
Lexus,2020 Lexus GS 350,F SPORT 4dr Sedan (3.5L 6cyl 8A),,,,,,,
Lexus,2020 Lexus LX 570,Three-Row 4dr SUV 4WD (5.7L 8cyl 8A),,,,,,,
Lexus,2020 Lexus ES 300h,4dr Sedan (2.5L 4cyl gas/electric hybrid CVT),,,,,,,
Lexus,2020 Lexus ES 350,4dr Sedan (3.5L 6cyl 8A),,,,,,,
Lexus,2020 Lexus LC 500h,2dr Coupe (3.5L 6cyl gas/electric hybrid CVT),,,,,,,
Lexus,2020 Lexus LC 500,2dr Coupe (5.0L 8cyl 10A),,,,,,,
Lexus,2020 Lexus GX 460,4dr SUV 4WD (4.6L 8cyl 6A),,,,,,,
Lexus,2020 Lexus NX 300,4dr SUV (2.0L 4cyl Turbo 6A),,,,,,,
Lexus,2020 Lexus RX 450hL,4dr SUV AWD (3.5L 6cyl gas/electric hybrid CVT),,,,,,,
Lexus,2020 Lexus RX 450h,4dr SUV AWD (3.5L 6cyl gas/electric hybrid CVT),,,,,,,
Lexus,2020 Lexus RX 350L,4dr SUV AWD (3.5L 6cyl 8A),,,,,,,
Lexus,2020 Lexus RX 350,4dr SUV (3.5L 6cyl 8A),,,,,,,
Lexus,2020 Lexus NX 300h,4dr SUV AWD (2.5L 4cyl gas/electric hybrid CVT),,,,,,,
Lexus,2020 Lexus RC F,2dr Coupe (5.0L 8cyl 8A),,,,,,,
Lexus,2021 Lexus RC F,Fuji Speedway Edition 2dr Coupe (5.0L 8cyl 8A),"$1,000 Student/College Grad for Retail or Lease - Expires 01/03/2022","$1,000 Military for Retail or Lease - Expires 01/03/2022",,,"$1,000 Loyalty for Lease - Expires 03/31/2021",,
Lexus,2021 Lexus RC 300,2dr Coupe (2.0L 4cyl Turbo 8A),"$1,000 Student/College Grad for Retail or Lease - Expires 01/03/2022","$1,000 Military for Retail or Lease - Expires 01/03/2022",,,"$1,500 Loyalty for Lease - Expires 03/31/2021",,
Lexus,2021 Lexus RC 350,F SPORT 2dr Coupe AWD (3.5L 6cyl 6A),"$1,000 Student/College Grad for Retail or Lease - Expires 01/03/2022","$1,000 Military for Retail or Lease - Expires 01/03/2022",,,"$1,500 Loyalty for Lease - Expires 03/31/2021",,
Lexus,2021 Lexus UX 250h,F SPORT 4dr SUV AWD (2.0L 4cyl gas/electric hybrid CVT),"$1,000 Student/College Grad for Retail or Lease - Expires 01/03/2022","$1,000 Military for Retail or Lease - Expires 01/03/2022",,,"$1,500 Loyalty for Lease - Expires 03/31/2021",,
Lexus,2021 Lexus UX 200,4dr SUV (2.0L 4cyl CVT),"$1,000 Student/College Grad for Retail or Lease - Expires 01/03/2022","$1,000 Military for Retail or Lease - Expires 01/03/2022",,,"$1,500 Loyalty for Lease - Expires 03/31/2021",,
Lexus,2021 Lexus RX 450h,4dr SUV AWD (3.5L 6cyl gas/electric hybrid CVT),"$1,000 Student/College Grad for Retail or Lease - Expires 01/03/2022","$1,000 Military for Retail or Lease - Expires 01/03/2022",,,"$1,500 Loyalty for Lease - Expires 03/31/2021",,
Lexus,2021 Lexus ES 250,F SPORT 4dr Sedan AWD (2.5L 4cyl 8A),"$1,000 Student/College Grad for Retail or Lease - Expires 01/03/2022","$1,000 Military for Retail or Lease - Expires 01/03/2022",,,"$1,500 Loyalty for Lease - Expires 03/31/2021",,
Lexus,2021 Lexus LS 500,4dr Sedan (3.5L 6cyl Turbo 10A),"$1,000 Student/College Grad for Retail or Lease - Expires 01/03/2022","$1,000 Military for Retail or Lease - Expires 01/03/2022",,,"$1,000 Loyalty for Lease - Expires 03/31/2021",,
Lexus,2021 Lexus RX 350L,Luxury 4dr SUV AWD (3.5L 6cyl 8A),"$1,000 Student/College Grad for Retail or Lease - Expires 01/03/2022","$1,000 Military for Retail or Lease - Expires 01/03/2022",,,"$1,500 Loyalty for Lease - Expires 03/31/2021",,
Lexus,2021 Lexus ES 350,4dr Sedan (3.5L 6cyl 8A),"$1,000 Student/College Grad for Retail or Lease - Expires 01/03/2022","$1,000 Military for Retail or Lease - Expires 01/03/2022",,,"$1,500 Loyalty for Lease - Expires 03/31/2021",,
Lexus,2021 Lexus RX 450hL,Luxury 4dr SUV AWD (3.5L 6cyl gas/electric hybrid CVT),,,,,,,
Lexus,2021 Lexus LX 570,Three-Row 4dr SUV 4WD (5.7L 8cyl 8A),"$1,000 Student/College Grad for Retail or Lease - Expires 01/03/2022","$1,000 Military for Retail or Lease - Expires 01/03/2022",,,"$1,000 Loyalty for Lease - Expires 03/31/2021",,
Lexus,2021 Lexus GX 460,4dr SUV 4WD (4.6L 8cyl 6A),"$1,000 Student/College Grad for Retail or Lease - Expires 01/03/2022","$1,000 Military for Retail or Lease - Expires 01/03/2022",,,"$1,000 Loyalty for Lease - Expires 03/31/2021",,
Lexus,2021 Lexus NX 300h,4dr SUV AWD (2.5L 4cyl gas/electric hybrid CVT),"$1,000 Student/College Grad for Retail or Lease - Expires 01/03/2022","$1,000 Military for Retail or Lease - Expires 01/03/2022",,,"$1,500 Loyalty for Lease - Expires 03/31/2021",,
Lexus,2021 Lexus NX 300,4dr SUV (2.0L 4cyl Turbo 6A),"$1,000 Student/College Grad for Retail or Lease - Expires 01/03/2022","$1,000 Military for Retail or Lease - Expires 01/03/2022",,,"$1,500 Loyalty for Lease - Expires 03/31/2021",,
Lexus,2021 Lexus LC 500 Convertible,2dr Convertible (5.0L 8cyl 10A),,,,,,,
Lexus,2021 Lexus IS 350,F SPORT 4dr Sedan (3.5L 6cyl 8A),"$1,000 Student/College Grad for Retail or Lease - Expires 01/03/2022","$1,000 Military for Retail or Lease - Expires 01/03/2022",,,"$1,500 Loyalty for Lease - Expires 03/31/2021",,
Lexus,2021 Lexus IS 300,4dr Sedan (2.0L 4cyl Turbo 8A),"$1,000 Student/College Grad for Retail or Lease - Expires 01/03/2022","$1,000 Military for Retail or Lease - Expires 01/03/2022",,,"$1,500 Loyalty for Lease - Expires 03/31/2021",,
Lexus,2021 Lexus LC 500,2dr Coupe (5.0L 8cyl 10A),"$1,000 Student/College Grad for Retail or Lease - Expires 01/03/2022","$1,000 Military for Retail or Lease - Expires 01/03/2022",,,"$1,000 Loyalty for Lease - Expires 03/31/2021",,
Lincoln,2020 Lincoln Navigator,Reserve 4dr SUV 4WD (3.5L 6cyl Turbo 10A),$500 Student/College Grad for Lease - Expires 01/03/2022,$500 Military for Retail or Lease - Expires 01/03/2022,$500 First Responder for Retail or Lease - Expires 01/03/2022,,,"$1,000 Conquest for Retail or Lease - Expires 03/31/2021",
Lexus,2021 Lexus RX 350,4dr SUV AWD (3.5L 6cyl 8A),"$1,000 Student/College Grad for Retail or Lease - Expires 01/03/2022","$1,000 Military for Retail or Lease - Expires 01/03/2022",,,"$1,500 Loyalty for Lease - Expires 03/31/2021",,
Lincoln,2020 Lincoln MKZ,Reserve 4dr Sedan AWD (2.0L 4cyl Turbo 6A),$500 Student/College Grad for Lease - Expires 01/03/2022,$500 Military for Retail or Lease - Expires 01/03/2022,$500 First Responder for Retail or Lease - Expires 01/03/2022,,,,
Lexus,2021 Lexus LC 500h,2dr Coupe (3.5L 6cyl gas/electric hybrid CVT),,,,,,,
Lincoln,2020 Lincoln Corsair,4dr SUV (2.0L 4cyl Turbo 8A),,$500 Military for Retail or Lease - Expires 01/03/2022,$500 First Responder for Retail or Lease - Expires 01/03/2022,,"$1,000 Loyalty for Lease - Expires 03/31/2021",,
Lincoln,2020 Lincoln Aviator,Reserve 4dr SUV AWD (3.0L 6cyl Turbo 10A),$500 Student/College Grad for Lease - Expires 01/03/2022,$500 Military for Retail or Lease - Expires 01/03/2022,$500 First Responder for Retail or Lease - Expires 01/03/2022,,"$1,000 Loyalty for Retail or Lease - Expires 03/31/2021","$2,000 Conquest for Retail or Lease - Expires 03/31/2021",
Lincoln,2021 Lincoln Navigator,L Reserve 4dr SUV 4WD (3.5L 6cyl Turbo 10A),$500 Student/College Grad for Lease - Expires 01/03/2022,$500 Military for Retail or Lease - Expires 01/03/2022,$500 First Responder for Retail or Lease - Expires 01/03/2022,,,,
Lincoln,2021 Lincoln Nautilus,4dr SUV (2.0L 4cyl Turbo 8A),$500 Student/College Grad for Lease - Expires 01/03/2022,$500 Military for Retail or Lease - Expires 01/03/2022,$500 First Responder for Retail or Lease - Expires 01/03/2022,,,,
Lincoln,2021 Lincoln Corsair,Reserve 4dr SUV AWD (2.0L 4cyl Turbo 8A),$500 Student/College Grad for Lease - Expires 01/03/2022,$500 Military for Retail or Lease - Expires 01/03/2022,$500 First Responder for Retail or Lease - Expires 01/03/2022,$500 Customer Bonus Cash for Retail or Lease - Expires 03/31/2021,"$1,000 Loyalty for Lease - Expires 03/31/2021","$1,000 Conquest for Retail or Lease - Expires 03/31/2021",
Lincoln,2021 Lincoln Aviator,Reserve 4dr SUV AWD (3.0L 6cyl Turbo 10A),,$500 Military for Retail or Lease - Expires 01/03/2022,$500 First Responder for Retail or Lease - Expires 01/03/2022,,,"$1,000 Conquest for Retail or Lease - Expires 03/31/2021",
Maserati,2020 Maserati Ghibli,S GranLusso 4dr Sedan (3.0L 6cyl Turbo 8A),,,,,,,
Mazda,2020 Mazda CX-9,Touring 4dr SUV AWD (2.5L 4cyl Turbo 6A),,$500 Military for Lease - Expires 03/31/2021,,,$750 Loyalty for Lease - Expires 03/31/2021,,
Mazda,2020 Mazda CX-3,Sport 4dr SUV (2.0L 4cyl 6A),,$500 Military for Lease - Expires 03/31/2021,,,$750 Loyalty for Lease - Expires 03/31/2021,,
Mazda,2020 Mazda 3,Select 4dr Sedan (2.5L 4cyl 6A),,$500 Military for Lease - Expires 03/31/2021,,,$750 Loyalty for Lease - Expires 03/31/2021,,
Maserati,2020 Maserati Levante,S 4dr SUV AWD (3.0L 6cyl Turbo 8A),,,,,"$2,500 Loyalty for Lease - Expires 03/31/2021",,
Mazda,2020 Mazda MX-5 Miata,Grand Touring 2dr Convertible (2.0L 4cyl 6M),,$500 Military for Lease - Expires 03/31/2021,,,$750 Loyalty for Lease - Expires 03/31/2021,,
Mazda,2020 Mazda CX-30,Premium 4dr SUV AWD (2.5L 4cyl 6A),,$500 Military for Lease - Expires 03/31/2021,,,$750 Loyalty for Lease - Expires 03/31/2021,,
Mazda,2020 Mazda CX-5,Touring 4dr SUV AWD (2.5L 4cyl 6A),,$500 Military for Lease - Expires 03/31/2021,,,"$750 Loyalty for Lease - Expires 03/31/2021,$500 Loyalty for Lease - Expires 03/31/2021",,
Mazda,2020 Mazda 6,Touring 4dr Sedan (2.5L 4cyl 6A),,$500 Military for Retail or Lease - Expires 03/31/2021,,,$750 Loyalty for Retail or Lease - Expires 03/31/2021,,
Mazda,2021 Mazda MX-5 Miata RF,Club 2dr Convertible (2.0L 4cyl 6A),,$500 Military for Lease - Expires 03/31/2021,,,$750 Loyalty for Lease - Expires 03/31/2021,,
Mazda,2021 Mazda MX-5 Miata,Sport 2dr Convertible (2.0L 4cyl 6A),,$500 Military for Lease - Expires 03/31/2021,,,$750 Loyalty for Lease - Expires 03/31/2021,,
Mazda,2021 Mazda CX-3,Sport 4dr SUV AWD (2.0L 4cyl 6A),,,,,,,
Mazda,2021 Mazda CX-30,Premium 4dr SUV AWD (2.5L 4cyl 6A),,$500 Military for Lease - Expires 03/31/2021,,,$750 Loyalty for Lease - Expires 03/31/2021,,
Mazda,2021 Mazda 6,Carbon Edition 4dr Sedan (2.5L 4cyl Turbo 6A),,$500 Military for Lease - Expires 03/31/2021,,,$750 Loyalty for Lease - Expires 03/31/2021,,
Mazda,2021 Mazda 3,Select 4dr Sedan (2.5L 4cyl 6A),,$500 Military for Lease - Expires 03/31/2021,,,$750 Loyalty for Lease - Expires 03/31/2021,,
Mazda,2021 Mazda CX-5,Grand Touring 4dr SUV AWD (2.5L 4cyl 6A),,$500 Military for Lease - Expires 03/31/2021,,,$750 Loyalty for Lease - Expires 03/31/2021,,
Mazda,2021 Mazda CX-9,Grand Touring 4dr SUV AWD (2.5L 4cyl Turbo 6A),,$500 Military for Lease - Expires 03/31/2021,,,$750 Loyalty for Lease - Expires 03/31/2021,,
Mercedes-Benz,2020 Mercedes-Benz Sprinter,"2500 144"" WB Crew 3dr Van 4WD w/High Roof (3.0L 6cyl Turbodiesel 7A)",,,,,,,
Mercedes-Benz,2020 Mercedes-Benz Metris,"126"" WB Cargo 3dr Minivan (2.0L 4cyl Turbo 7A)",,,,,,,
Mercedes-Benz,2020 Mercedes-Benz G-Class,AMG G 63 4dr SUV 4WD (4.0L 8cyl Turbo 9A),,,,,,,
Mercedes-Benz,2020 Mercedes-Benz Maybach,S 560 4MATIC 4dr Sedan AWD (4.0L 8cyl Turbo 9A),,,,,"$1,000 Loyalty for Lease - Expires 03/31/2021",,
Mercedes-Benz,2020 Mercedes-Benz S-Class,S 560 4dr Sedan (4.0L 8cyl Turbo 9A),,,,,"$1,000 Loyalty for Lease - Expires 03/31/2021",,
Mercedes-Benz,2020 Mercedes-Benz SL-Class,SL 450 2dr Convertible (3.0L 6cyl Turbo 9A),,,,,"$1,000 Loyalty for Lease - Expires 03/31/2021",,
Mercedes-Benz,2020 Mercedes-Benz A-Class,A 220 4dr Sedan (2.0L 4cyl Turbo 7AM),,,,,"$1,000 Loyalty for Lease - Expires 03/31/2021",,
Mercedes-Benz,2020 Mercedes-Benz C-Class,C 300 4dr Sedan (2.0L 4cyl Turbo 9A),,,,,"$1,000 Loyalty for Lease - Expires 03/31/2021",,
Mercedes-Benz,2020 Mercedes-Benz E-Class,E 350 4dr Sedan (2.0L 4cyl Turbo 9A),,,,,"$1,000 Loyalty for Lease - Expires 03/31/2021",,
Mercedes-Benz,2020 Mercedes-Benz GLA-Class,GLA 250 4MATIC 4dr SUV AWD (2.0L 4cyl Turbo 7AM),,,,,,,
Mercedes-Benz,2020 Mercedes-Benz GLS-Class,GLS 450 4MATIC 4dr SUV AWD (3.0L 6cyl Turbo gas/electric hybrid 9A),,,,,"$1,000 Loyalty for Lease - Expires 03/31/2021",,
Mercedes-Benz,2020 Mercedes-Benz GLC-Class Coupe,GLC 300 4MATIC 4dr SUV AWD (2.0L 4cyl Turbo 9A),,,,,"$1,000 Loyalty for Lease - Expires 03/31/2021",,
Mercedes-Benz,2020 Mercedes-Benz CLS-Class,CLS 450 4dr Sedan (3.0L 6cyl Turbo gas/electric hybrid 9A),,,,,"$1,000 Loyalty for Lease - Expires 03/31/2021",,
Mercedes-Benz,2020 Mercedes-Benz GLC-Class,GLC 300 4MATIC 4dr SUV AWD (2.0L 4cyl Turbo 9A),,,,,"$1,000 Loyalty for Lease - Expires 03/31/2021",,
Mercedes-Benz,2020 Mercedes-Benz GLB-Class,GLB 250 4MATIC 4dr SUV AWD (2.0L 4cyl Turbo 8AM),,,,,"$1,000 Loyalty for Lease - Expires 03/31/2021",,
Mercedes-Benz,2020 Mercedes-Benz SLC-Class,SLC 300 2dr Convertible (2.0L 4cyl Turbo 9A),,,,,"$1,000 Loyalty for Lease - Expires 03/31/2021",,
Mercedes-Benz,2020 Mercedes-Benz AMG GT,53 4dr Sedan AWD (3.0L 6cyl Twincharger gas/electric hybrid 9A),,,,,"$1,000 Loyalty for Lease - Expires 03/31/2021",,
Mercedes-Benz,2020 Mercedes-Benz CLA-Class,CLA 250 4dr Sedan (2.0L 4cyl Turbo 7AM),,,,,"$1,000 Loyalty for Lease - Expires 03/31/2021",,
Mercedes-Benz,2020 Mercedes-Benz GLE-Class,GLE 350 4MATIC 4dr SUV AWD (2.0L 4cyl Turbo 9A),,,,,"$1,000 Loyalty for Lease - Expires 03/31/2021",,
Mercedes-Benz,2021 Mercedes-Benz G-Class,G 550 4dr SUV 4WD (4.0L 8cyl Turbo 9A),,,,,,,
Mercedes-Benz,2021 Mercedes-Benz GLC-Class Coupe,GLC 300 4MATIC 4dr SUV AWD (2.0L 4cyl Turbo 9A),,,,,"$1,000 Loyalty for Lease - Expires 03/31/2021",,
Mercedes-Benz,2021 Mercedes-Benz C-Class,C 300 4dr Sedan (2.0L 4cyl Turbo 9A),,,,,"$1,000 Loyalty for Lease - Expires 03/31/2021",,
Mercedes-Benz,2021 Mercedes-Benz CLA-Class,CLA 250 4dr Sedan (2.0L 4cyl Turbo 7AM),,,,,"$1,000 Loyalty for Lease - Expires 03/31/2021",,
Mercedes-Benz,2021 Mercedes-Benz GLC-Class,GLC 300 4MATIC 4dr SUV AWD (2.0L 4cyl Turbo 9A),,,,,"$1,000 Loyalty for Lease - Expires 03/31/2021",,
Mercedes-Benz,2021 Mercedes-Benz A-Class,A 220 4dr Sedan (2.0L 4cyl Turbo 7AM),,,,,"$1,000 Loyalty for Lease - Expires 03/31/2021",,
Mercedes-Benz,2021 Mercedes-Benz CLS-Class,CLS 450 4dr Sedan (3.0L 6cyl Turbo gas/electric hybrid 9A),,,,,,,
Mercedes-Benz,2021 Mercedes-Benz E-Class,E 350 4dr Sedan (2.0L 4cyl Turbo 9A),,,,,"$1,000 Loyalty for Lease - Expires 03/31/2021",,
Mercedes-Benz,2021 Mercedes-Benz GLB-Class,AMG GLB 35 4dr SUV AWD (2.0L 4cyl Turbo 8AM),,,,,"$1,000 Loyalty for Lease - Expires 03/31/2021",,
Mercedes-Benz,2021 Mercedes-Benz GLE-Class,GLE 350 4dr SUV (2.0L 4cyl Turbo 9A),,,,,"$1,000 Loyalty for Lease - Expires 03/31/2021",,
Mercedes-Benz,2021 Mercedes-Benz GLA-Class,GLA 250 4MATIC 4dr SUV AWD (2.0L 4cyl Turbo 8AM),,,,,"$1,000 Loyalty for Lease - Expires 03/31/2021",,
Mercedes-Benz,2021 Mercedes-Benz GLS-Class,GLS 450 4MATIC 4dr SUV AWD (3.0L 6cyl Turbo gas/electric hybrid 9A),,,,,"$1,000 Loyalty for Lease - Expires 03/31/2021",,
MINI,2020 MINI Hardtop 4 Door,Cooper S 4dr Hatchback (2.0L 4cyl Turbo 7AM),$500 Student/College Grad for Retail or Lease - Expires 03/31/2021,$500 Military for Retail or Lease - Expires 01/03/2022,,,,,
MINI,2020 MINI Countryman,Cooper S ALL4 4dr Wagon AWD (2.0L 4cyl Turbo 8A),$500 Student/College Grad for Retail or Lease - Expires 03/31/2021,$500 Military for Retail or Lease - Expires 01/03/2022,,,,,
MINI,2020 MINI Hardtop 2 Door,Cooper S 2dr Hatchback (2.0L 4cyl Turbo 7AM),$500 Student/College Grad for Retail or Lease - Expires 03/31/2021,$500 Military for Retail or Lease - Expires 01/03/2022,,,,,
MINI,2021 MINI Hardtop 4 Door,Cooper S 4dr Hatchback (2.0L 4cyl Turbo 6M),,$500 Military for Retail or Lease - Expires 01/03/2022,,,,,
MINI,2021 MINI Countryman,Cooper Oxford 4dr Wagon (1.5L 3cyl Turbo 7AM),,,,,,,
MINI,2021 MINI Hardtop 2 Door,Cooper S 2dr Hatchback (2.0L 4cyl Turbo 6M),,$500 Military for Retail or Lease - Expires 01/03/2022,,,,,
Mitsubishi,2020 Mitsubishi Mirage G4,ES 4dr Sedan (1.2L 3cyl CVT),,,,,,,
MINI,2020 MINI Clubman,Cooper S ALL4 4dr Hatchback AWD (2.0L 4cyl Turbo 8A),$500 Student/College Grad for Retail or Lease - Expires 03/31/2021,$500 Military for Retail or Lease - Expires 01/03/2022,,,,,
Mitsubishi,2020 Mitsubishi Mirage,ES 4dr Hatchback (1.2L 3cyl CVT),,,,,,,
Mitsubishi,2020 Mitsubishi Outlander PHEV,SEL 4dr SUV AWD (2.0L 4cyl gas/electric hybrid DD),,$500 Military for Lease - Expires 03/31/2021,,,"$1,500 Loyalty for Lease - Expires 03/31/2021",,
Mitsubishi,2020 Mitsubishi Outlander,ES 4dr SUV (2.4L 4cyl CVT),,$500 Military for Lease - Expires 03/31/2021,,,$750 Loyalty for Lease - Expires 03/31/2021,,
Mitsubishi,2020 Mitsubishi Eclipse Cross,ES 4dr SUV (1.5L 4cyl Turbo CVT),,$500 Military for Lease - Expires 03/31/2021,,,$750 Loyalty for Lease - Expires 03/31/2021,,
Mitsubishi,2020 Mitsubishi Outlander Sport,2.0 ES 4dr SUV (2.0L 4cyl CVT),,$500 Military for Lease - Expires 03/31/2021,,,$750 Loyalty for Lease - Expires 03/31/2021,,
Mitsubishi,2021 Mitsubishi Mirage G4,SE 4dr Sedan (1.2L 3cyl CVT),,$500 Military for Lease - Expires 03/31/2021,,,$500 Loyalty for Lease - Expires 03/31/2021,,
Mitsubishi,2021 Mitsubishi Mirage,LE 4dr Hatchback (1.2L 3cyl CVT),,$500 Military for Lease - Expires 03/31/2021,,,$500 Loyalty for Lease - Expires 03/31/2021,,
Mitsubishi,2022 Mitsubishi Eclipse Cross,SE 4dr SUV (1.5L 4cyl Turbo CVT),,,,,,,
Nissan,2020 Nissan NV200,SV 4dr Minivan (2.0L 4cyl CVT),,,,,,,
Nissan,2020 Nissan LEAF,SV 4dr Hatchback (electric DD),,,,"$1,000 Customer Bonus Cash for Retail or Lease - Expires 03/31/2021,$500 Customer Bonus Cash for Retail or Lease - Expires 03/31/2021",,,
Nissan,2020 Nissan Sentra,SV 4dr Sedan (2.0L 4cyl CVT),,,,,,,
Mitsubishi,2021 Mitsubishi Outlander Sport,2.0 LE 4dr SUV AWD (2.0L 4cyl CVT),,$500 Military for Lease - Expires 03/31/2021,,,$750 Loyalty for Lease - Expires 03/31/2021,,
Nissan,2020 Nissan Frontier,SV 4dr Crew Cab 5.0 ft. SB (3.8L 6cyl 9A),,,,,,,
Nissan,2020 Nissan Kicks,S 4dr Hatchback (1.6L 4cyl CVT),,,,$500 Customer Bonus Cash for Retail or Lease - Expires 03/31/2021,,,
Nissan,2020 Nissan Armada,SL 4dr SUV 4WD (5.6L 8cyl 7A),,,,"$2,000 Customer Bonus Cash for Retail or Lease - Expires 03/31/2021",,,
Nissan,2020 Nissan Murano,SL 4dr SUV AWD (3.5L 6cyl CVT),,,,"$1,000 Customer Bonus Cash for Retail or Lease - Expires 03/31/2021,$500 Customer Bonus Cash for Retail or Lease - Expires 03/31/2021",,,
Nissan,2020 Nissan Titan,PRO-4X 4dr Crew Cab 4WD SB (5.6L 8cyl 9A),,,,,,,
Nissan,2020 Nissan Pathfinder,SL 4dr SUV 4WD (3.5L 6cyl CVT),,,,"$1,000 Customer Bonus Cash for Retail or Lease - Expires 03/31/2021",,,
Nissan,2020 Nissan Titan XD,SV 4dr Crew Cab 4WD SB (5.6L 8cyl 9A),,,,,,,
Nissan,2020 Nissan Versa,S 4dr Sedan (1.6L 4cyl CVT),,,,,,,
Nissan,2020 Nissan GT-R,Track Edition 2dr Coupe AWD (3.8L 6cyl Turbo 6AM),,,,,,,
Nissan,2020 Nissan Rogue,SV 4dr SUV AWD (2.5L 4cyl CVT),,,,$500 Customer Bonus Cash for Retail or Lease - Expires 03/31/2021,,,
Nissan,2020 Nissan Maxima,Platinum 4dr Sedan (3.5L 6cyl CVT),,,,"$1,000 Customer Bonus Cash for Retail or Lease - Expires 03/31/2021",,,
Nissan,2020 Nissan Altima,2.5 SR 4dr Sedan (2.5L 4cyl CVT),,,,$500 Customer Bonus Cash for Retail or Lease - Expires 03/31/2021,,,
Nissan,2020 Nissan 370Z,NISMO 2dr Coupe (3.7L 6cyl 7A),,,,,,,
Nissan,2020 Nissan Rogue Sport,S 4dr SUV (2.0L 4cyl CVT),,,,$500 Customer Bonus Cash for Retail or Lease - Expires 03/31/2021,,,
Nissan,2021 Nissan Rogue Sport,SV 4dr SUV (2.0L 4cyl CVT),$500 Student/College Grad for Retail or Lease - Expires 03/31/2021,,,,,,
Nissan,2021 Nissan NV Cargo,2500 SV 3dr Van w/High Roof (4.0L 6cyl 5A),,,,,,,
Nissan,2021 Nissan NV200,S 4dr Minivan (2.0L 4cyl CVT),,,,,,,
Nissan,2021 Nissan Sentra,S 4dr Sedan (2.0L 4cyl CVT),$500 Student/College Grad for Retail or Lease - Expires 03/31/2021,,,,,,
Nissan,2021 Nissan Armada,S 4dr SUV (5.6L 8cyl 7A),,,,,,,
Nissan,2021 Nissan Titan,PRO-4X 4dr Crew Cab 4WD SB (5.6L 8cyl 9A),,,,,,,
Nissan,2021 Nissan Titan XD,SV 4dr Crew Cab 4WD SB (5.6L 8cyl 9A),,,,,,,
Nissan,2021 Nissan Murano,S 4dr SUV (3.5L 6cyl CVT),,,,,,,
Nissan,2021 Nissan Kicks,S 4dr Hatchback (1.6L 4cyl CVT),$500 Student/College Grad for Retail or Lease - Expires 03/31/2021,,,,,,
Nissan,2021 Nissan LEAF,S 4dr Hatchback (electric DD),,,,,,,
Nissan,2021 Nissan Versa,S 4dr Sedan (1.6L 4cyl 5M),,,,,,,
Nissan,2021 Nissan Rogue,S 4dr SUV (2.5L 4cyl CVT),,,,,,,
Nissan,2021 Nissan Altima,2.5 S 4dr Sedan (2.5L 4cyl CVT),,,,,,,
Nissan,2021 Nissan Frontier,S 4dr King Cab 6.1 ft. SB (3.8L 6cyl 9A),,,,,,,
Nissan,2021 Nissan Maxima,3.5 SV 4dr Sedan (3.5L 6cyl CVT),,,,,,,
Toyota,2020 Toyota 86,Hakone Edition 2dr Coupe (2.0L 4cyl 6A),,,,,,,
Toyota,2020 Toyota RAV4 Hybrid,XLE 4dr SUV AWD w/Prod. End 05/20 (2.5L 4cyl gas/electric hybrid CVT),,,,,,,
Toyota,2020 Toyota Camry Hybrid,LE 4dr Sedan (2.5L 4cyl gas/electric hybrid CVT),,,,,,,
Toyota,2020 Toyota Corolla Hatchback,SE 4dr Hatchback (2.0L 4cyl CVT),,,,,,,
Toyota,2020 Toyota Yaris Hatchback,LE 4dr Hatchback (1.5L 4cyl 6A),,,,,,,
Toyota,2020 Toyota C-HR,XLE 4dr SUV (2.0L 4cyl CVT),,,,,,,
Toyota,2020 Toyota Camry,SE 4dr Sedan (2.5L 4cyl 8A),,,,,,,
Toyota,2020 Toyota Prius,LE 4dr Hatchback (1.8L 4cyl gas/electric hybrid CVT),,,,,,,
Toyota,2020 Toyota Avalon,Limited 4dr Sedan (3.5L 6cyl 8A),,,,,,,
Toyota,2020 Toyota Tundra,SR5 4dr CrewMax 4WD SB (5.7L 8cyl 6A),,,,,,,
Toyota,2020 Toyota Avalon Hybrid,Limited 4dr Sedan (2.5L 4cyl gas/electric hybrid CVT),,,,,,,
Toyota,2020 Toyota Land Cruiser,4dr SUV 4WD (5.7L 8cyl 8A),,,,,,,
Toyota,2020 Toyota Prius Prime,XLE 4dr Hatchback (1.8L 4cyl gas/electric hybrid CVT),,,,,,,
Toyota,2020 Toyota Sienna,XLE 8-Passenger 4dr Minivan (3.5L 6cyl 8A),,,,,,,
Toyota,2020 Toyota Yaris,LE 4dr Sedan (1.5L 4cyl 6A),,,,,,,
Toyota,2020 Toyota 4Runner,TRD OFF-ROAD Premium 4dr SUV 4WD (4.0L 6cyl 5A),,,,,,,
Toyota,2020 Toyota Highlander,XLE 4dr SUV AWD (3.5L 6cyl 8A),,,,,,,
Toyota,2020 Toyota Sequoia,TRD PRO 4dr SUV 4WD (5.7L 8cyl 6A),,,,,,,
Toyota,2020 Toyota Corolla Hybrid,LE 4dr Sedan (1.8L 4cyl gas/electric hybrid CVT),,,,,,,
Toyota,2020 Toyota RAV4,LE 4dr SUV (2.5L 4cyl 8A),,,,,,,
Toyota,2020 Toyota Tacoma,TRD Off Road 4dr Double Cab 4WD 5.0 ft. SB (3.5L 6cyl 6A),,,,,,,
Toyota,2020 Toyota GR Supra,3.0 Premium 2dr Coupe (3.0L 6cyl Turbo 8A),,,,,,,
Toyota,2020 Toyota Corolla,LE 4dr Sedan (1.8L 4cyl CVT),,,,,,,
Toyota,2021 Toyota Camry Hybrid,LE 4dr Sedan (2.5L 4cyl gas/electric hybrid CVT),$500 Student/College Grad for Retail or Lease - Expires 03/31/2021,$500 Military for Retail or Lease - Expires 03/31/2021,,,,,
Toyota,2021 Toyota Prius Prime,XLE 4dr Hatchback (1.8L 4cyl gas/electric hybrid CVT),$500 Student/College Grad for Retail or Lease - Expires 03/31/2021,$500 Military for Retail or Lease - Expires 03/31/2021,,,,,
Toyota,2021 Toyota Avalon Hybrid,XLE 4dr Sedan (2.5L 4cyl gas/electric hybrid CVT),$500 Student/College Grad for Retail or Lease - Expires 03/31/2021,$500 Military for Retail or Lease - Expires 03/31/2021,,,,,
Toyota,2021 Toyota RAV4 Hybrid,XLE 4dr SUV AWD (2.5L 4cyl gas/electric hybrid CVT),,,,,,,
Toyota,2021 Toyota Land Cruiser,Heritage Edition 4dr SUV 4WD (5.7L 8cyl 8A),$500 Student/College Grad for Retail or Lease - Expires 03/31/2021,$500 Military for Retail or Lease - Expires 03/31/2021,,,,,
Toyota,2021 Toyota Highlander Hybrid,Platinum 4dr SUV AWD (2.5L 4cyl gas/electric hybrid CVT),$500 Student/College Grad for Retail or Lease - Expires 03/31/2021,$500 Military for Retail or Lease - Expires 03/31/2021,,,,,
Toyota,2021 Toyota RAV4,XLE 4dr SUV AWD (2.5L 4cyl 8A),$500 Student/College Grad for Retail or Lease - Expires 03/31/2021,$500 Military for Retail or Lease - Expires 03/31/2021,,,,,
Toyota,2021 Toyota Venza,Limited 4dr SUV AWD (2.5L 4cyl gas/electric hybrid CVT),$500 Student/College Grad for Retail or Lease - Expires 03/31/2021,$500 Military for Retail or Lease - Expires 03/31/2021,,$750 Customer Bonus Cash for Retail or Lease - Expires 03/31/2021,,,
Toyota,2021 Toyota Prius,LE 4dr Hatchback (1.8L 4cyl gas/electric hybrid CVT),$500 Student/College Grad for Retail or Lease - Expires 03/31/2021,$500 Military for Retail or Lease - Expires 03/31/2021,,,,,
Toyota,2021 Toyota Sequoia,SR5 4dr SUV (5.7L 8cyl 6A),$500 Student/College Grad for Retail or Lease - Expires 03/31/2021,$500 Military for Retail or Lease - Expires 03/31/2021,,,,,
Toyota,2021 Toyota Tundra,SR5 4dr CrewMax 4WD SB (5.7L 8cyl 6A),$500 Student/College Grad for Retail or Lease - Expires 03/31/2021,$500 Military for Retail or Lease - Expires 03/31/2021,,,,,
Toyota,2021 Toyota Corolla,LE 4dr Sedan (1.8L 4cyl CVT),$500 Student/College Grad for Retail or Lease - Expires 03/31/2021,$500 Military for Retail or Lease - Expires 03/31/2021,,,,,
Toyota,2021 Toyota Corolla Hatchback,SE 4dr Hatchback (2.0L 4cyl CVT),$500 Student/College Grad for Retail or Lease - Expires 03/31/2021,$500 Military for Retail or Lease - Expires 03/31/2021,,,,,
Toyota,2021 Toyota Corolla Hybrid,LE 4dr Sedan (1.8L 4cyl gas/electric hybrid CVT),$500 Student/College Grad for Retail or Lease - Expires 03/31/2021,$500 Military for Retail or Lease - Expires 03/31/2021,,,,,
Toyota,2021 Toyota C-HR,LE 4dr SUV (2.0L 4cyl CVT),$500 Student/College Grad for Retail or Lease - Expires 03/31/2021,$500 Military for Retail or Lease - Expires 03/31/2021,,,,,
Toyota,2021 Toyota Camry,XSE 4dr Sedan (2.5L 4cyl 8A),$500 Student/College Grad for Retail or Lease - Expires 03/31/2021,$500 Military for Retail or Lease - Expires 03/31/2021,,,,,
Toyota,2021 Toyota Highlander,XLE 4dr SUV AWD (3.5L 6cyl 8A),$500 Student/College Grad for Retail or Lease - Expires 03/31/2021,$500 Military for Retail or Lease - Expires 03/31/2021,,,,,
Toyota,2021 Toyota 4Runner,TRD OFF-ROAD Premium 4dr SUV 4WD (4.0L 6cyl 5A),$500 Student/College Grad for Retail or Lease - Expires 03/31/2021,$500 Military for Retail or Lease - Expires 03/31/2021,,,,,
Toyota,2021 Toyota GR Supra,3.0 Premium 2dr Coupe (3.0L 6cyl Turbo 8A),$500 Student/College Grad for Retail or Lease - Expires 03/31/2021,$500 Military for Retail or Lease - Expires 03/31/2021,,,,,
Toyota,2021 Toyota Sienna,LE 8-Passenger 4dr Minivan (2.5L 4cyl gas/electric hybrid CVT),$500 Student/College Grad for Retail or Lease - Expires 03/31/2021,$500 Military for Retail or Lease - Expires 03/31/2021,,,,,
Toyota,2021 Toyota Tacoma,TRD Off Road 4dr Double Cab 4WD 5.0 ft. SB (3.5L 6cyl 6A),$500 Student/College Grad for Retail or Lease - Expires 03/31/2021,$500 Military for Retail or Lease - Expires 03/31/2021,,,,,
Toyota,2021 Toyota RAV4 Prime,SE 4dr SUV AWD (2.5L 4cyl gas/electric hybrid CVT),$500 Student/College Grad for Retail or Lease - Expires 03/31/2021,$500 Military for Retail or Lease - Expires 03/31/2021,,,,,
Toyota,2021 Toyota Avalon,XLE 4dr Sedan (3.5L 6cyl 8A),$500 Student/College Grad for Retail or Lease - Expires 03/31/2021,$500 Military for Retail or Lease - Expires 03/31/2021,,,,,
Toyota,2021 Toyota Mirai,XLE 4dr Sedan (electric (fuel cell) CVT),,,,,,,
Ram,2020 Ram 2500,Tradesman 4dr Crew Cab 4WD SB (6.4L 8cyl 8A),,$500 Military for Retail or Lease - Expires 01/03/2022,$500 First Responder for Retail or Lease - Expires 01/04/2022,,$500 Loyalty for Retail or Lease - Expires 03/31/2021,,
Ram,2020 Ram 3500,Tradesman 4dr Crew Cab 4WD LB (6.4L 8cyl 8A),,$500 Military for Retail or Lease - Expires 01/03/2022,$500 First Responder for Retail or Lease - Expires 01/04/2022,,$500 Loyalty for Retail or Lease - Expires 03/31/2021,,
Ram,2020 Ram Promaster City,Wagon 4dr Minivan (2.4L 4cyl 9A),,$500 Military for Retail or Lease - Expires 01/03/2022,$500 First Responder for Retail or Lease - Expires 01/04/2022,,$500 Loyalty for Retail or Lease - Expires 03/31/2021,"$1,750 Conquest for Retail or Lease - Expires 03/31/2021,$750 Conquest for Retail or Lease - Expires 03/31/2021",
Ram,2020 Ram 1500 Classic,Warlock 4dr Quad Cab 4WD SB (3.6L 6cyl 8A),,$500 Military for Retail or Lease - Expires 01/03/2022,,,$500 Loyalty for Retail or Lease - Expires 03/31/2021,,
Ram,2020 Ram Promaster Window Van,3500 High Roof 3dr Van (3.6L 6cyl 6A),,,,,,,
Ram,2020 Ram Promaster Cargo Van,"2500 High Roof 3dr Van w/159"" WB (3.6L 6cyl 6A)",,,,,,,
Ram,2020 Ram 1500,Big Horn 4dr Crew Cab 4WD 5.6 ft SB (3.6L 6cyl gas/electric hybrid 8A),,$500 Military for Retail or Lease - Expires 01/03/2022,$500 First Responder for Retail or Lease - Expires 01/04/2022,,$500 Loyalty for Retail or Lease - Expires 03/31/2021,,
Ram,2021 Ram 3500,Lone Star 4dr Crew Cab 4WD SB (6.4L 8cyl 8A),,$500 Military for Retail or Lease - Expires 01/03/2022,,,$500 Loyalty for Retail or Lease - Expires 03/31/2021,,
Ram,2021 Ram 1500 Classic,Express 2dr Regular Cab SB (3.6L 6cyl 8A),,,,,,,
Ram,2021 Ram 2500,Laramie 4dr Crew Cab 4WD SB (6.4L 8cyl 8A),,$500 Military for Retail or Lease - Expires 01/03/2022,,,$500 Loyalty for Retail or Lease - Expires 03/31/2021,,
Ram,2021 Ram Promaster City,Tradesman SLT Cargo 4dr Minivan (2.4L 4cyl 9A),,$500 Military for Retail or Lease - Expires 01/03/2022,,"$3,000 Customer Bonus Cash for Retail or Lease - Expires 03/31/2021",,$750 Conquest for Retail or Lease - Expires 03/31/2021,
Ram,2021 Ram Promaster Cargo Van,"2500 High Roof 3dr Van w/159"" WB (3.6L 6cyl 6A)",,,,,,,
Ram,2021 Ram 1500,Big Horn 4dr Crew Cab 4WD 5.6 ft SB (3.6L 6cyl gas/electric hybrid 8A),,$500 Military for Retail or Lease - Expires 01/03/2022,$500 First Responder Discount for Retail or Lease - Expires 01/04/2022,"$1,000 Customer Bonus Cash for Retail or Lease - Expires 03/31/2021",$500 Loyalty for Retail or Lease - Expires 03/31/2021,,
Volkswagen,2020 Volkswagen Atlas,S 4dr SUV (2.0L 4cyl Turbo 8A),$500 Student/College Grad for Retail or Lease - Expires 01/03/2022,$500 Military for Retail or Lease - Expires 01/03/2022,$500 First Responder for Retail or Lease - Expires 01/03/2022,,,,"$1,000 Mobility for Retail or Lease - Expires 01/03/2022"
Ram,2021 Ram Promaster Window Van,3500 High Roof 3dr Van (3.6L 6cyl 6A),,$500 Military for Retail or Lease - Expires 01/03/2022,,,,$750 Conquest for Retail or Lease - Expires 03/31/2021,
Volkswagen,2020 Volkswagen Golf GTI,SE 4dr Hatchback (2.0L 4cyl Turbo 7AM),$500 Student/College Grad for Retail or Lease - Expires 01/03/2022,$500 Military for Retail or Lease - Expires 01/03/2022,$500 First Responder for Retail or Lease - Expires 01/03/2022,,,,"$1,000 Mobility for Retail or Lease - Expires 01/03/2022"
Volkswagen,2020 Volkswagen Jetta,S ULEV 4dr Sedan (1.4L 4cyl Turbo 8A),$500 Student/College Grad for Retail or Lease - Expires 01/03/2022,$500 Military for Retail or Lease - Expires 01/03/2022,$500 First Responder for Retail or Lease - Expires 01/03/2022,,,,"$1,000 Mobility for Retail or Lease - Expires 01/03/2022"
Volkswagen,2020 Volkswagen Golf,TSI 4dr Hatchback (1.4L 4cyl Turbo 8A),$500 Student/College Grad for Retail or Lease - Expires 01/03/2022,$500 Military for Retail or Lease - Expires 01/03/2022,$500 First Responder for Retail or Lease - Expires 01/03/2022,,,,"$1,000 Mobility for Retail or Lease - Expires 01/03/2022"
Volkswagen,2020 Volkswagen Tiguan,SE 4dr SUV AWD (2.0L 4cyl Turbo 8A),$500 Student/College Grad for Retail or Lease - Expires 01/03/2022,$500 Military for Retail or Lease - Expires 01/03/2022,$500 First Responder for Retail or Lease - Expires 01/03/2022,,,,"$1,000 Mobility for Retail or Lease - Expires 01/03/2022"
Volkswagen,2020 Volkswagen Atlas Cross Sport,SE w/Technology 4dr SUV AWD (3.6L 6cyl 8A),$500 Student/College Grad for Retail or Lease - Expires 01/03/2022,$500 Military for Retail or Lease - Expires 01/03/2022,$500 First Responder for Retail or Lease - Expires 01/03/2022,,,,"$1,000 Mobility for Retail or Lease - Expires 01/03/2022"
Volkswagen,2020 Volkswagen Passat,R-Line 4dr Sedan (2.0L 4cyl Turbo 6A),$500 Student/College Grad for Retail or Lease - Expires 01/03/2022,$500 Military for Retail or Lease - Expires 01/03/2022,$500 First Responder for Retail or Lease - Expires 01/03/2022,,,,"$1,000 Mobility for Retail or Lease - Expires 01/03/2022"
Volkswagen,2021 Volkswagen Passat,S 4dr Sedan (2.0L 4cyl Turbo 6A),$500 Student/College Grad for Retail or Lease - Expires 01/03/2022,$500 Military for Retail or Lease - Expires 01/03/2022,$500 First Responder for Retail or Lease - Expires 01/03/2022,,,,"$1,000 Mobility for Retail or Lease - Expires 01/03/2022"
Volkswagen,2021 Volkswagen Golf,TSI 4dr Hatchback (1.4L 4cyl Turbo 6M),$500 Student/College Grad for Retail or Lease - Expires 01/03/2022,$500 Military for Retail or Lease - Expires 01/03/2022,$500 First Responder for Retail or Lease - Expires 01/03/2022,,,,"$1,000 Mobility for Retail or Lease - Expires 01/03/2022"
Volkswagen,2021 Volkswagen Jetta GLI,S 4dr Sedan (2.0L 4cyl Turbo 6M),,,,,,,
Volkswagen,2021 Volkswagen Arteon,SE 4dr Hatchback (2.0L 4cyl Turbo 8A),,,,,,,
Volkswagen,2021 Volkswagen Atlas Cross Sport,S 4dr SUV AWD (2.0L 4cyl Turbo 8A),,,,,,,
Volkswagen,2021 Volkswagen Jetta,S SULEV 4dr Sedan (1.4L 4cyl Turbo 8A),$500 Student/College Grad for Retail or Lease - Expires 01/03/2022,$500 Military for Retail or Lease - Expires 01/03/2022,$500 First Responder for Retail or Lease - Expires 01/03/2022,,,,"$1,000 Mobility for Retail or Lease - Expires 01/03/2022"
Volkswagen,2021 Volkswagen Tiguan,SE R-Line Black 4dr SUV (2.0L 4cyl Turbo 8A),$500 Student/College Grad for Retail or Lease - Expires 01/03/2022,$500 Military for Retail or Lease - Expires 01/03/2022,$500 First Responder for Retail or Lease - Expires 01/03/2022,,,,"$1,000 Mobility for Retail or Lease - Expires 01/03/2022"
Volkswagen,2021 Volkswagen Golf GTI,S 4dr Hatchback (2.0L 4cyl Turbo 6M),$500 Student/College Grad for Retail or Lease - Expires 01/03/2022,$500 Military for Retail or Lease - Expires 01/03/2022,$500 First Responder for Retail or Lease - Expires 01/03/2022,,,,"$1,000 Mobility for Retail or Lease - Expires 01/03/2022"
Volvo,2020 Volvo XC40,T5 Momentum 4dr SUV AWD (2.0L 4cyl Turbo 8A),,,,,,,
Volvo,2020 Volvo S90,T6 R-Design 4dr Sedan AWD (2.0L 4cyl Twincharger 8A),,,,,,,
Volvo,2020 Volvo XC60,T5 Momentum 4dr SUV AWD (2.0L 4cyl Turbo 8A),,,,,,,
Volvo,2020 Volvo V60,T5 Momentum 4dr Wagon (2.0L 4cyl Turbo 8A),,,,,,,
Volvo,2020 Volvo S60,T5 Momentum 4dr Sedan (2.0L 4cyl Turbo 8A),,,,,,,
Volvo,2020 Volvo V90 Cross Country,T6 4dr Wagon AWD (2.0L 4cyl Twincharger 8A),,,,,,,
Volvo,2020 Volvo XC90,T6 Momentum 4dr SUV AWD w/6 Passenger Seating (2.0L 4cyl Twincharger 8A),,,,,,,
Volvo,2020 Volvo V60 Cross Country,T5 4dr Wagon AWD (2.0L 4cyl Turbo 8A),,,,,,,
Volvo,2021 Volvo V60,T8 Polestar Engineered 4dr Wagon AWD (2.0L 4cyl Twincharger gas/electric hybrid 8A),,,,,$500 Loyalty for Lease - Expires 03/31/2021,,
Volkswagen,2021 Volkswagen Atlas,SEL Premium 4dr SUV AWD (3.6L 6cyl 8A),,,,,,,
Volvo,2021 Volvo XC40 Recharge,Pure Electric P8 4dr SUV AWD (electric DD),,,,,$500 Loyalty for Lease - Expires 03/31/2021,,
Volvo,2021 Volvo S90,T6 Inscription 4dr Sedan AWD (2.0L 4cyl Twincharger 8A),,,,,$500 Loyalty for Lease - Expires 03/31/2021,,
Volvo,2021 Volvo V90,T6 Inscription 4dr Wagon AWD (2.0L 4cyl Twincharger 8A),,,,,,,
Volvo,2021 Volvo XC60,T5 Momentum 4dr SUV AWD (2.0L 4cyl Turbo 8A),,,,,"$1,000 Loyalty for Retail or Lease - Expires 03/31/2021",,
Volvo,2021 Volvo XC90,T6 Momentum 4dr SUV AWD (2.0L 4cyl Twincharger 8A),,,,,$500 Loyalty for Lease - Expires 03/31/2021,,
Volvo,2021 Volvo V90 Cross Country,T6 4dr Wagon AWD (2.0L 4cyl Twincharger 8A),,,,,$500 Loyalty for Lease - Expires 03/31/2021,,
Volvo,2021 Volvo V60 Cross Country,T5 4dr Wagon AWD (2.0L 4cyl Turbo 8A),,,,,$500 Loyalty for Lease - Expires 03/31/2021,,
Volvo,2021 Volvo S60,T5 Momentum 4dr Sedan w/Prod. End 11/20 (2.0L 4cyl Turbo 8A),,,,,"$1,000 Loyalty for Lease - Expires 03/31/2021",,
Volvo,2021 Volvo XC40,T5 R-Design 4dr SUV AWD (2.0L 4cyl Turbo 8A),,,,,$500 Loyalty for Lease - Expires 03/31/2021,,
